CodigoProduto;NomeProduto;Comprimento;Largura;FC;FCConvertido;Custo;Material;Percentual;PrazoProducao;DISTRIBUIDOR;INDUSTRIA;REVENDA
teste codigo 1;Nome produto 1;small;0;0;0;0;R$ 3,46;25;6;1;2;3
teste codigo 2;Nome produto 2;small;0;0;0;0;R$ 2,91;25;6;4;5;6
teste codigo 3;Nome produto 3;Fita PP;100;48;4.8;0;R$ 2,37;10;6;7;8;9
teste codigo 4;Nome produto 4;Fita PP;100;24;2.4;0;R$ 1,25;10;6;10;11;12
teste codigo 5;Nome produto 5;Fita PP;100;36;3.6;0;R$ 1,87;10;6;13;14;15
teste codigo 6;Nome produto 6;Fita PP;45;48;2.16;0;R$ 1,13;10;6;16;17;18
teste codigo 7;Nome produto 7;Fita PP;50;48;2.4;0;R$ 1,24;10;6;19;20;21
teste codigo 8;Nome produto 8;Fita PP;100;48;4.8;0;R$ 2,37;10;6;22;23;24
teste codigo 9;Nome produto 9;Fita PP;1200;48;57.6;0;R$ 26,97;10;6;25;26;27
teste codigo 10;Nome produto 10;Fita PP;100;72;7.2;0;R$ 3,74;10;6;28;29;30
teste codigo 11;Nome produto 11;small;482,6666667;72,8;0;0;R$ 10,40;5;6;31;32;33
teste codigo 12;Nome produto 12;small;537,7878788;79,27272727;0;0;R$ 11,43;3,545454545;6;34;35;36
teste codigo 13;Nome produto 13;Fita PP;592,9090909;85,74545455;4.9;0;R$ 12,47;2,090909091;6;37;38;39
teste codigo 14;Nome produto 14;Fita PP;648,030303;92,21818182;2.5;0;R$ 13,50;0,636363636;6;40;41;42
teste codigo 15;Nome produto 15;Fita PP;703,1515152;98,69090909;3.7;0;R$ 14,53;-0,818181818;6;43;44;45
teste codigo 16;Nome produto 16;Fita PP;758,2727273;105,1636364;2.8;0;R$ 15,56;-2,272727273;6;46;47;48
teste codigo 17;Nome produto 17;Fita PP;813,3939394;111,6363636;2.20;0;R$ 16,59;-3,727272727;6;49;50;51
teste codigo 18;Nome produto 18;Fita PP;868,5151515;118,1090909;4.9;0;R$ 17,62;-5,181818182;6;52;53;54
teste codigo 19;Nome produto 19;Fita PP;923,6363636;124,5818182;57.7;0;R$ 18,65;-6,636363636;6;55;56;57
teste codigo 20;Nome produto 20;Fita PP;978,7575758;131,0545455;7.3;0;R$ 19,69;-8,090909091;6;58;59;60
teste codigo 21;Nome produto 21;small;1033,878788;137,5272727;0;0;R$ 20,72;-9,545454545;6;61;62;63
teste codigo 22;Nome produto 22;small;1089;144;0;0;R$ 21,75;-11;6;64;65;66
teste codigo 23;Nome produto 23;Fita PP;1144,121212;150,4727273;4.10;0;R$ 22,78;-12,45454545;6;67;68;69
teste codigo 24;Nome produto 24;Fita PP;1199,242424;156,9454545;2.6;0;R$ 23,81;-13,90909091;6;70;71;72
teste codigo 25;Nome produto 25;Fita PP;1254,363636;163,4181818;3.8;0;R$ 24,84;-15,36363636;6;73;74;75
teste codigo 26;Nome produto 26;Fita PP;1309,484848;169,8909091;2.32;0;R$ 25,87;-16,81818182;6;76;77;78
teste codigo 27;Nome produto 27;Fita PP;1364,606061;176,3636364;2.44;0;R$ 26,90;-18,27272727;6;79;80;81
teste codigo 28;Nome produto 28;Fita PP;1419,727273;182,8363636;4.10;0;R$ 27,94;-19,72727273;6;82;83;84
teste codigo 29;Nome produto 29;Fita PP;1474,848485;189,3090909;57.8;0;R$ 28,97;-21,18181818;6;85;86;87
teste codigo 30;Nome produto 30;Fita PP;1529,969697;195,7818182;7.4;0;R$ 30,00;-22,63636364;6;88;89;90
teste codigo 31;Nome produto 31;small;1585,090909;202,2545455;0;0;R$ 31,03;-24,09090909;6;91;92;93
teste codigo 32;Nome produto 32;small;1640,212121;208,7272727;0;0;R$ 32,06;-25,54545455;6;94;95;96
teste codigo 33;Nome produto 33;Fita PP;1695,333333;215,2;4.9;0;R$ 33,09;-27;6;97;98;99
teste codigo 34;Nome produto 34;Fita PP;1750,454545;221,6727273;2.5;0;R$ 34,12;-28,45454545;6;100;101;102
teste codigo 35;Nome produto 35;Fita PP;1805,575758;228,1454545;3.7;0;R$ 35,16;-29,90909091;6;103;104;105
teste codigo 36;Nome produto 36;Fita PP;1860,69697;234,6181818;2.8;0;R$ 36,19;-31,36363636;6;106;107;108
teste codigo 37;Nome produto 37;Fita PP;1915,818182;241,0909091;2.20;0;R$ 37,22;-32,81818182;6;109;110;111
teste codigo 38;Nome produto 38;Fita PP;1970,939394;247,5636364;4.9;0;R$ 38,25;-34,27272727;6;112;113;114
teste codigo 39;Nome produto 39;Fita PP;2026,060606;254,0363636;57.7;0;R$ 39,28;-35,72727273;6;115;116;117
teste codigo 40;Nome produto 40;Fita PP;2081,181818;260,5090909;7.3;0;R$ 40,31;-37,18181818;6;118;119;120
teste codigo 41;Nome produto 41;small;2136,30303;266,9818182;0;0;R$ 41,34;-38,63636364;6;121;122;123
teste codigo 42;Nome produto 42;small;2191,424242;273,4545455;0;0;R$ 42,37;-40,09090909;6;124;125;126
teste codigo 43;Nome produto 43;Fita PP;2246,545455;279,9272727;4.10;0;R$ 43,41;-41,54545455;6;127;128;129
teste codigo 44;Nome produto 44;Fita PP;2301,666667;286,4;2.6;0;R$ 44,44;-43;6;130;131;132
teste codigo 45;Nome produto 45;Fita PP;2356,787879;292,8727273;3.8;0;R$ 45,47;-44,45454545;6;133;134;135
teste codigo 46;Nome produto 46;Fita PP;2411,909091;299,3454545;2.32;0;R$ 46,50;-45,90909091;6;136;137;138
teste codigo 47;Nome produto 47;Fita PP;2467,030303;305,8181818;2.44;0;R$ 47,53;-47,36363636;6;139;140;141
teste codigo 48;Nome produto 48;Fita PP;2522,151515;312,2909091;4.10;0;R$ 48,56;-48,81818182;6;142;143;144
teste codigo 49;Nome produto 49;Fita PP;2577,272727;318,7636364;57.8;0;R$ 49,59;-50,27272727;6;145;146;147
teste codigo 50;Nome produto 50;Fita PP;2632,393939;325,2363636;7.4;0;R$ 50,63;-51,72727273;6;148;149;150
teste codigo 51;Nome produto 51;small;2687,515152;331,7090909;0;0;R$ 51,66;-53,18181818;6;151;152;153
teste codigo 52;Nome produto 52;small;2742,636364;338,1818182;0;0;R$ 52,69;-54,63636364;6;154;155;156
teste codigo 53;Nome produto 53;Fita PP;2797,757576;344,6545455;4.11;0;R$ 53,72;-56,09090909;6;157;158;159
teste codigo 54;Nome produto 54;Fita PP;2852,878788;351,1272727;2.7;0;R$ 54,75;-57,54545455;6;160;161;162
teste codigo 55;Nome produto 55;Fita PP;2908;357,6;3.9;0;R$ 55,78;-59;6;163;164;165
teste codigo 56;Nome produto 56;Fita PP;2963,121212;364,0727273;2.56;0;R$ 56,81;-60,45454545;6;166;167;168
teste codigo 57;Nome produto 57;Fita PP;3018,242424;370,5454545;2.68;0;R$ 57,84;-61,90909091;6;169;170;171
teste codigo 58;Nome produto 58;Fita PP;3073,363636;377,0181818;4.11;0;R$ 58,88;-63,36363636;6;172;173;174
teste codigo 59;Nome produto 59;Fita PP;3128,484848;383,4909091;57.9;0;R$ 59,91;-64,81818182;6;175;176;177
teste codigo 60;Nome produto 60;Fita PP;3183,606061;389,9636364;7.5;0;R$ 60,94;-66,27272727;6;178;179;180
teste codigo 61;Nome produto 61;small;3238,727273;396,4363636;0;0;R$ 61,97;-67,72727273;6;181;182;183
teste codigo 62;Nome produto 62;small;3293,848485;402,9090909;0;0;R$ 63,00;-69,18181818;6;184;185;186
teste codigo 63;Nome produto 63;Fita PP;3348,969697;409,3818182;4.10;0;R$ 64,03;-70,63636364;6;187;188;189
teste codigo 64;Nome produto 64;Fita PP;3404,090909;415,8545455;2.6;0;R$ 65,06;-72,09090909;6;190;191;192
teste codigo 65;Nome produto 65;Fita PP;3459,212121;422,3272727;3.8;0;R$ 66,10;-73,54545455;6;193;194;195
teste codigo 66;Nome produto 66;Fita PP;3514,333333;428,8;2.32;0;R$ 67,13;-75;6;196;197;198
teste codigo 67;Nome produto 67;Fita PP;3569,454545;435,2727273;2.44;0;R$ 68,16;-76,45454545;6;199;200;201
teste codigo 68;Nome produto 68;Fita PP;3624,575758;441,7454545;4.10;0;R$ 69,19;-77,90909091;6;202;203;204
teste codigo 69;Nome produto 69;Fita PP;3679,69697;448,2181818;57.8;0;R$ 70,22;-79,36363636;6;205;206;207
teste codigo 70;Nome produto 70;Fita PP;3734,818182;454,6909091;7.4;0;R$ 71,25;-80,81818182;6;208;209;210
teste codigo 71;Nome produto 71;small;3789,939394;461,1636364;0;0;R$ 72,28;-82,27272727;6;211;212;213
teste codigo 72;Nome produto 72;small;3845,060606;467,6363636;0;0;R$ 73,31;-83,72727273;6;214;215;216
teste codigo 73;Nome produto 73;Fita PP;3900,181818;474,1090909;4.11;0;R$ 74,35;-85,18181818;6;217;218;219
teste codigo 74;Nome produto 74;Fita PP;3955,30303;480,5818182;2.7;0;R$ 75,38;-86,63636364;6;220;221;222
teste codigo 75;Nome produto 75;Fita PP;4010,424242;487,0545455;3.9;0;R$ 76,41;-88,09090909;6;223;224;225
teste codigo 76;Nome produto 76;Fita PP;4065,545455;493,5272727;2.56;0;R$ 77,44;-89,54545455;6;226;227;228
teste codigo 77;Nome produto 77;Fita PP;4120,666667;500;2.68;0;R$ 78,47;-91;6;229;230;231
teste codigo 78;Nome produto 78;Fita PP;4175,787879;506,4727273;4.11;0;R$ 79,50;-92,45454545;6;232;233;234
teste codigo 79;Nome produto 79;Fita PP;4230,909091;512,9454545;57.9;0;R$ 80,53;-93,90909091;6;235;236;237
teste codigo 80;Nome produto 80;Fita PP;4286,030303;519,4181818;7.5;0;R$ 81,57;-95,36363636;6;238;239;240
teste codigo 81;Nome produto 81;small;4341,151515;525,8909091;0;0;R$ 82,60;-96,81818182;6;241;242;243
teste codigo 82;Nome produto 82;small;4396,272727;532,3636364;0;0;R$ 83,63;-98,27272727;6;244;245;246
teste codigo 83;Nome produto 83;Fita PP;4451,393939;538,8363636;4.12;0;R$ 84,66;-99,72727273;6;247;248;249
teste codigo 84;Nome produto 84;Fita PP;4506,515152;545,3090909;2.8;0;R$ 85,69;-101,1818182;6;250;251;252
teste codigo 85;Nome produto 85;Fita PP;4561,636364;551,7818182;3.10;0;R$ 86,72;-102,6363636;6;253;254;255
teste codigo 86;Nome produto 86;Fita PP;4616,757576;558,2545455;2.80;0;R$ 87,75;-104,0909091;6;256;257;258
teste codigo 87;Nome produto 87;Fita PP;4671,878788;564,7272727;2.92;0;R$ 88,78;-105,5454545;6;259;260;261
teste codigo 88;Nome produto 88;Fita PP;4727;571,2;4.12;0;R$ 89,82;-107;6;262;263;264
teste codigo 89;Nome produto 89;Fita PP;4782,121212;577,6727273;57.10;0;R$ 90,85;-108,4545455;6;265;266;267
teste codigo 90;Nome produto 90;Fita PP;4837,242424;584,1454545;7.6;0;R$ 91,88;-109,9090909;6;268;269;270
teste codigo 91;Nome produto 91;small;4892,363636;590,6181818;0;0;R$ 92,91;-111,3636364;6;271;272;273
teste codigo 92;Nome produto 92;small;4947,484848;597,0909091;0;0;R$ 93,94;-112,8181818;6;274;275;276
teste codigo 93;Nome produto 93;Fita PP;5002,606061;603,5636364;4.11;0;R$ 94,97;-114,2727273;6;277;278;279
teste codigo 94;Nome produto 94;Fita PP;5057,727273;610,0363636;2.7;0;R$ 96,00;-115,7272727;6;280;281;282
teste codigo 95;Nome produto 95;Fita PP;5112,848485;616,5090909;3.9;0;R$ 97,04;-117,1818182;6;283;284;285
teste codigo 96;Nome produto 96;Fita PP;5167,969697;622,9818182;2.56;0;R$ 98,07;-118,6363636;6;286;287;288
teste codigo 97;Nome produto 97;Fita PP;5223,090909;629,4545455;2.68;0;R$ 99,10;-120,0909091;6;289;290;291
teste codigo 98;Nome produto 98;Fita PP;5278,212121;635,9272727;4.11;0;R$ 100,13;-121,5454545;6;292;293;294
teste codigo 99;Nome produto 99;Fita PP;5333,333333;642,4;57.9;0;R$ 101,16;-123;6;295;296;297
teste codigo 100;Nome produto 100;small;5388,454545;648,8727273;0;0;R$ 102,19;-124,4545455;6;298;299;300
teste codigo 101;Nome produto 101;small;5443,575758;655,3454545;0;0;R$ 103,22;-125,9090909;6;301;302;303
teste codigo 102;Nome produto 102;Fita PP;5498,69697;661,8181818;4.9;0;R$ 104,25;-127,3636364;6;304;305;306
teste codigo 103;Nome produto 103;Fita PP;5553,818182;668,2909091;2.5;0;R$ 105,29;-128,8181818;6;307;308;309
teste codigo 104;Nome produto 104;Fita PP;5608,939394;674,7636364;3.7;0;R$ 106,32;-130,2727273;6;310;311;312
teste codigo 105;Nome produto 105;Fita PP;5664,060606;681,2363636;2.8;0;R$ 107,35;-131,7272727;6;313;314;315
teste codigo 106;Nome produto 106;Fita PP;5719,181818;687,7090909;2.20;0;R$ 108,38;-133,1818182;6;316;317;318
teste codigo 107;Nome produto 107;Fita PP;5774,30303;694,1818182;4.9;0;R$ 109,41;-134,6363636;6;319;320;321
teste codigo 108;Nome produto 108;Fita PP;5829,424242;700,6545455;57.7;0;R$ 110,44;-136,0909091;6;322;323;324
teste codigo 109;Nome produto 109;Fita PP;5884,545455;707,1272727;7.3;0;R$ 111,47;-137,5454545;6;325;326;327
teste codigo 110;Nome produto 110;small;5939,666667;713,6;0;0;R$ 112,51;-139;6;328;329;330
teste codigo 111;Nome produto 111;small;5994,787879;720,0727273;0;0;R$ 113,54;-140,4545455;6;331;332;333
teste codigo 112;Nome produto 112;Fita PP;6049,909091;726,5454545;4.10;0;R$ 114,57;-141,9090909;6;334;335;336
teste codigo 113;Nome produto 113;Fita PP;6105,030303;733,0181818;2.6;0;R$ 115,60;-143,3636364;6;337;338;339
teste codigo 114;Nome produto 114;Fita PP;6160,151515;739,4909091;3.8;0;R$ 116,63;-144,8181818;6;340;341;342
teste codigo 115;Nome produto 115;Fita PP;6215,272727;745,9636364;2.32;0;R$ 117,66;-146,2727273;6;343;344;345
teste codigo 116;Nome produto 116;Fita PP;6270,393939;752,4363636;2.44;0;R$ 118,69;-147,7272727;6;346;347;348
teste codigo 117;Nome produto 117;Fita PP;6325,515152;758,9090909;4.10;0;R$ 119,72;-149,1818182;6;349;350;351
teste codigo 118;Nome produto 118;Fita PP;6380,636364;765,3818182;57.8;0;R$ 120,76;-150,6363636;6;352;353;354
teste codigo 119;Nome produto 119;Fita PP;6435,757576;771,8545455;7.4;0;R$ 121,79;-152,0909091;6;355;356;357
teste codigo 120;Nome produto 120;small;6490,878788;778,3272727;0;0;R$ 122,82;-153,5454545;6;358;359;360
teste codigo 121;Nome produto 121;small;6546;784,8;0;0;R$ 123,85;-155;6;361;362;363
teste codigo 122;Nome produto 122;Fita PP;6601,121212;791,2727273;4.11;0;R$ 124,88;-156,4545455;6;364;365;366
teste codigo 123;Nome produto 123;Fita PP;6656,242424;797,7454545;2.7;0;R$ 125,91;-157,9090909;6;367;368;369
teste codigo 124;Nome produto 124;Fita PP;6711,363636;804,2181818;3.9;0;R$ 126,94;-159,3636364;6;370;371;372
teste codigo 125;Nome produto 125;Fita PP;6766,484848;810,6909091;2.56;0;R$ 127,98;-160,8181818;6;373;374;375
teste codigo 126;Nome produto 126;Fita PP;6821,606061;817,1636364;2.68;0;R$ 129,01;-162,2727273;6;376;377;378
teste codigo 127;Nome produto 127;Fita PP;6876,727273;823,6363636;4.11;0;R$ 130,04;-163,7272727;6;379;380;381
teste codigo 128;Nome produto 128;Fita PP;6931,848485;830,1090909;57.9;0;R$ 131,07;-165,1818182;6;382;383;384
teste codigo 129;Nome produto 129;Fita PP;6986,969697;836,5818182;7.5;0;R$ 132,10;-166,6363636;6;385;386;387
teste codigo 130;Nome produto 130;small;7042,090909;843,0545455;0;0;R$ 133,13;-168,0909091;6;388;389;390
teste codigo 131;Nome produto 131;small;7097,212121;849,5272727;0;0;R$ 134,16;-169,5454545;6;391;392;393
teste codigo 132;Nome produto 132;Fita PP;7152,333333;856;4.10;0;R$ 135,19;-171;6;394;395;396
teste codigo 133;Nome produto 133;Fita PP;7207,454545;862,4727273;2.6;0;R$ 136,23;-172,4545455;6;397;398;399
teste codigo 134;Nome produto 134;Fita PP;7262,575758;868,9454545;3.8;0;R$ 137,26;-173,9090909;6;400;401;402
teste codigo 135;Nome produto 135;Fita PP;7317,69697;875,4181818;2.32;0;R$ 138,29;-175,3636364;6;403;404;405
teste codigo 136;Nome produto 136;Fita PP;7372,818182;881,8909091;2.44;0;R$ 139,32;-176,8181818;6;406;407;408
teste codigo 137;Nome produto 137;Fita PP;7427,939394;888,3636364;4.10;0;R$ 140,35;-178,2727273;6;409;410;411
teste codigo 138;Nome produto 138;Fita PP;7483,060606;894,8363636;57.8;0;R$ 141,38;-179,7272727;6;412;413;414
teste codigo 139;Nome produto 139;Fita PP;7538,181818;901,3090909;7.4;0;R$ 142,41;-181,1818182;6;415;416;417
teste codigo 140;Nome produto 140;small;7593,30303;907,7818182;0;0;R$ 143,45;-182,6363636;6;418;419;420
teste codigo 141;Nome produto 141;small;7648,424242;914,2545455;0;0;R$ 144,48;-184,0909091;6;421;422;423
teste codigo 142;Nome produto 142;Fita PP;7703,545455;920,7272727;4.11;0;R$ 145,51;-185,5454545;6;424;425;426
teste codigo 143;Nome produto 143;Fita PP;7758,666667;927,2;2.7;0;R$ 146,54;-187;6;427;428;429
teste codigo 144;Nome produto 144;Fita PP;7813,787879;933,6727273;3.9;0;R$ 147,57;-188,4545455;6;430;431;432
teste codigo 145;Nome produto 145;Fita PP;7868,909091;940,1454545;2.56;0;R$ 148,60;-189,9090909;6;433;434;435
teste codigo 146;Nome produto 146;Fita PP;7924,030303;946,6181818;2.68;0;R$ 149,63;-191,3636364;6;436;437;438
teste codigo 147;Nome produto 147;Fita PP;7979,151515;953,0909091;4.11;0;R$ 150,66;-192,8181818;6;439;440;441
teste codigo 148;Nome produto 148;Fita PP;8034,272727;959,5636364;57.9;0;R$ 151,70;-194,2727273;6;442;443;444
teste codigo 149;Nome produto 149;Fita PP;8089,393939;966,0363636;7.5;0;R$ 152,73;-195,7272727;6;445;446;447
teste codigo 150;Nome produto 150;small;8144,515151;972,5090909;0;0;R$ 153,76;-197,1818182;6;448;449;450
teste codigo 151;Nome produto 151;small;8199,636364;978,9818182;0;0;R$ 154,79;-198,6363636;6;451;452;453
teste codigo 152;Nome produto 152;Fita PP;8254,757576;985,4545455;4.12;0;R$ 155,82;-200,0909091;6;454;455;456
teste codigo 153;Nome produto 153;Fita PP;8309,878788;991,9272727;2.8;0;R$ 156,85;-201,5454545;6;457;458;459
teste codigo 154;Nome produto 154;Fita PP;8365;998,4;3.10;0;R$ 157,88;-203;6;460;461;462
teste codigo 155;Nome produto 155;Fita PP;8420,121212;1004,872727;2.80;0;R$ 158,92;-204,4545455;6;463;464;465
teste codigo 156;Nome produto 156;Fita PP;8475,242424;1011,345455;2.92;0;R$ 159,95;-205,9090909;6;466;467;468
teste codigo 157;Nome produto 157;Fita PP;8530,363636;1017,818182;4.12;0;R$ 160,98;-207,3636364;6;469;470;471
teste codigo 158;Nome produto 158;Fita PP;8585,484848;1024,290909;57.10;0;R$ 162,01;-208,8181818;6;472;473;474
teste codigo 159;Nome produto 159;Fita PP;8640,606061;1030,763636;7.6;0;R$ 163,04;-210,2727273;6;475;476;477
teste codigo 160;Nome produto 160;small;8695,727273;1037,236364;0;0;R$ 164,07;-211,7272727;6;478;479;480
teste codigo 161;Nome produto 161;small;8750,848485;1043,709091;0;0;R$ 165,10;-213,1818182;6;481;482;483
teste codigo 162;Nome produto 162;Fita PP;8805,969697;1050,181818;4.11;0;R$ 166,14;-214,6363636;6;484;485;486
teste codigo 163;Nome produto 163;Fita PP;8861,090909;1056,654545;2.7;0;R$ 167,17;-216,0909091;6;487;488;489
teste codigo 164;Nome produto 164;Fita PP;8916,212121;1063,127273;3.9;0;R$ 168,20;-217,5454545;6;490;491;492
teste codigo 165;Nome produto 165;Fita PP;8971,333333;1069,6;2.56;0;R$ 169,23;-219;6;493;494;495
teste codigo 166;Nome produto 166;Fita PP;9026,454545;1076,072727;2.68;0;R$ 170,26;-220,4545455;6;496;497;498
teste codigo 167;Nome produto 167;Fita PP;9081,575758;1082,545455;4.11;0;R$ 171,29;-221,9090909;6;499;500;501
teste codigo 168;Nome produto 168;Fita PP;9136,69697;1089,018182;57.9;0;R$ 172,32;-223,3636364;6;502;503;504
teste codigo 169;Nome produto 169;Fita PP;9191,818182;1095,490909;7.5;0;R$ 173,35;-224,8181818;6;505;506;507
teste codigo 170;Nome produto 170;small;9246,939394;1101,963636;0;0;R$ 174,39;-226,2727273;6;508;509;510
teste codigo 171;Nome produto 171;small;9302,060606;1108,436364;0;0;R$ 175,42;-227,7272727;6;511;512;513
teste codigo 172;Nome produto 172;Fita PP;9357,181818;1114,909091;4.12;0;R$ 176,45;-229,1818182;6;514;515;516
teste codigo 173;Nome produto 173;Fita PP;9412,30303;1121,381818;2.8;0;R$ 177,48;-230,6363636;6;517;518;519
teste codigo 174;Nome produto 174;Fita PP;9467,424242;1127,854545;3.10;0;R$ 178,51;-232,0909091;6;520;521;522
teste codigo 175;Nome produto 175;Fita PP;9522,545455;1134,327273;2.80;0;R$ 179,54;-233,5454545;6;523;524;525
teste codigo 176;Nome produto 176;Fita PP;9577,666667;1140,8;2.92;0;R$ 180,57;-235;6;526;527;528
teste codigo 177;Nome produto 177;Fita PP;9632,787879;1147,272727;4.12;0;R$ 181,61;-236,4545455;6;529;530;531
teste codigo 178;Nome produto 178;Fita PP;9687,909091;1153,745455;57.10;0;R$ 182,64;-237,9090909;6;532;533;534
teste codigo 179;Nome produto 179;Fita PP;9743,030303;1160,218182;7.6;0;R$ 183,67;-239,3636364;6;535;536;537
teste codigo 180;Nome produto 180;small;9798,151515;1166,690909;0;0;R$ 184,70;-240,8181818;6;538;539;540
teste codigo 181;Nome produto 181;small;9853,272727;1173,163636;0;0;R$ 185,73;-242,2727273;6;541;542;543
teste codigo 182;Nome produto 182;Fita PP;9908,393939;1179,636364;4.13;0;R$ 186,76;-243,7272727;6;544;545;546
teste codigo 183;Nome produto 183;Fita PP;9963,515151;1186,109091;2.9;0;R$ 187,79;-245,1818182;6;547;548;549
teste codigo 184;Nome produto 184;Fita PP;10018,63636;1192,581818;3.11;0;R$ 188,82;-246,6363636;6;550;551;552
teste codigo 185;Nome produto 185;Fita PP;10073,75758;1199,054545;2.104;0;R$ 189,86;-248,0909091;6;553;554;555
teste codigo 186;Nome produto 186;Fita PP;10128,87879;1205,527273;2.116;0;R$ 190,89;-249,5454545;6;556;557;558
teste codigo 187;Nome produto 187;Fita PP;10184;1212;4.13;0;R$ 191,92;-251;6;559;560;561
teste codigo 188;Nome produto 188;Fita PP;10239,12121;1218,472727;57.11;0;R$ 192,95;-252,4545454;6;562;563;564
teste codigo 189;Nome produto 189;Fita PP;10294,24242;1224,945455;7.7;0;R$ 193,98;-253,9090909;6;565;566;567
teste codigo 190;Nome produto 190;small;10349,36364;1231,418182;0;0;R$ 195,01;-255,3636364;6;568;569;570
teste codigo 191;Nome produto 191;small;10404,48485;1237,890909;0;0;R$ 196,04;-256,8181818;6;571;572;573
teste codigo 192;Nome produto 192;Fita PP;10459,60606;1244,363636;4.12;0;R$ 197,08;-258,2727273;6;574;575;576
teste codigo 193;Nome produto 193;Fita PP;10514,72727;1250,836364;2.8;0;R$ 198,11;-259,7272727;6;577;578;579
teste codigo 194;Nome produto 194;Fita PP;10569,84848;1257,309091;3.10;0;R$ 199,14;-261,1818182;6;580;581;582
teste codigo 195;Nome produto 195;Fita PP;10624,9697;1263,781818;2.80;0;R$ 200,17;-262,6363636;6;583;584;585
teste codigo 196;Nome produto 196;Fita PP;10680,09091;1270,254545;2.92;0;R$ 201,20;-264,0909091;6;586;587;588
teste codigo 197;Nome produto 197;Fita PP;10735,21212;1276,727273;4.12;0;R$ 202,23;-265,5454545;6;589;590;591
teste codigo 198;Nome produto 198;Fita PP;10790,33333;1283,2;57.10;0;R$ 203,26;-267;6;592;593;594
teste codigo 199;Nome produto 199;small;10845,45455;1289,672727;0;0;R$ 204,29;-268,4545454;6;595;596;597
teste codigo 200;Nome produto 200;small;10900,57576;1296,145455;0;0;R$ 205,33;-269,9090909;6;598;599;600
teste codigo 201;Nome produto 201;Fita PP;10955,69697;1302,618182;4.10;0;R$ 206,36;-271,3636364;6;601;602;603
teste codigo 202;Nome produto 202;Fita PP;11010,81818;1309,090909;2.6;0;R$ 207,39;-272,8181818;6;604;605;606
teste codigo 203;Nome produto 203;Fita PP;11065,93939;1315,563636;3.8;0;R$ 208,42;-274,2727273;6;607;608;609
teste codigo 204;Nome produto 204;Fita PP;11121,06061;1322,036364;2.32;0;R$ 209,45;-275,7272727;6;610;611;612
teste codigo 205;Nome produto 205;Fita PP;11176,18182;1328,509091;2.44;0;R$ 210,48;-277,1818182;6;613;614;615
teste codigo 206;Nome produto 206;Fita PP;11231,30303;1334,981818;4.10;0;R$ 211,51;-278,6363636;6;616;617;618
teste codigo 207;Nome produto 207;Fita PP;11286,42424;1341,454545;57.8;0;R$ 212,55;-280,0909091;6;619;620;621
teste codigo 208;Nome produto 208;Fita PP;11341,54545;1347,927273;7.4;0;R$ 213,58;-281,5454545;6;622;623;624
teste codigo 209;Nome produto 209;small;11396,66667;1354,4;0;0;R$ 214,61;-283;6;625;626;627
teste codigo 210;Nome produto 210;small;11451,78788;1360,872727;0;0;R$ 215,64;-284,4545454;6;628;629;630
teste codigo 211;Nome produto 211;Fita PP;11506,90909;1367,345455;4.11;0;R$ 216,67;-285,9090909;6;631;632;633
teste codigo 212;Nome produto 212;Fita PP;11562,0303;1373,818182;2.7;0;R$ 217,70;-287,3636364;6;634;635;636
teste codigo 213;Nome produto 213;Fita PP;11617,15152;1380,290909;3.9;0;R$ 218,73;-288,8181818;6;637;638;639
teste codigo 214;Nome produto 214;Fita PP;11672,27273;1386,763636;2.56;0;R$ 219,76;-290,2727273;6;640;641;642
teste codigo 215;Nome produto 215;Fita PP;11727,39394;1393,236364;2.68;0;R$ 220,80;-291,7272727;6;643;644;645
teste codigo 216;Nome produto 216;Fita PP;11782,51515;1399,709091;4.11;0;R$ 221,83;-293,1818182;6;646;647;648
teste codigo 217;Nome produto 217;Fita PP;11837,63636;1406,181818;57.9;0;R$ 222,86;-294,6363636;6;649;650;651
teste codigo 218;Nome produto 218;Fita PP;11892,75758;1412,654545;7.5;0;R$ 223,89;-296,0909091;6;652;653;654
teste codigo 219;Nome produto 219;small;11947,87879;1419,127273;0;0;R$ 224,92;-297,5454545;6;655;656;657
teste codigo 220;Nome produto 220;small;12003;1425,6;0;0;R$ 225,95;-299;6;658;659;660
teste codigo 221;Nome produto 221;Fita PP;12058,12121;1432,072727;4.12;0;R$ 226,98;-300,4545454;6;661;662;663
teste codigo 222;Nome produto 222;Fita PP;12113,24242;1438,545455;2.8;0;R$ 228,02;-301,9090909;6;664;665;666
teste codigo 223;Nome produto 223;Fita PP;12168,36364;1445,018182;3.10;0;R$ 229,05;-303,3636364;6;667;668;669
teste codigo 224;Nome produto 224;Fita PP;12223,48485;1451,490909;2.80;0;R$ 230,08;-304,8181818;6;670;671;672
teste codigo 225;Nome produto 225;Fita PP;12278,60606;1457,963636;2.92;0;R$ 231,11;-306,2727273;6;673;674;675
teste codigo 226;Nome produto 226;Fita PP;12333,72727;1464,436364;4.12;0;R$ 232,14;-307,7272727;6;676;677;678
teste codigo 227;Nome produto 227;Fita PP;12388,84848;1470,909091;57.10;0;R$ 233,17;-309,1818182;6;679;680;681
teste codigo 228;Nome produto 228;Fita PP;12443,9697;1477,381818;7.6;0;R$ 234,20;-310,6363636;6;682;683;684
teste codigo 229;Nome produto 229;small;12499,09091;1483,854545;0;0;R$ 235,23;-312,0909091;6;685;686;687
teste codigo 230;Nome produto 230;small;12554,21212;1490,327273;0;0;R$ 236,27;-313,5454545;6;688;689;690
teste codigo 231;Nome produto 231;Fita PP;12609,33333;1496,8;4.11;0;R$ 237,30;-315;6;691;692;693
teste codigo 232;Nome produto 232;Fita PP;12664,45455;1503,272727;2.7;0;R$ 238,33;-316,4545454;6;694;695;696
teste codigo 233;Nome produto 233;Fita PP;12719,57576;1509,745455;3.9;0;R$ 239,36;-317,9090909;6;697;698;699
teste codigo 234;Nome produto 234;Fita PP;12774,69697;1516,218182;2.56;0;R$ 240,39;-319,3636364;6;700;701;702
teste codigo 235;Nome produto 235;Fita PP;12829,81818;1522,690909;2.68;0;R$ 241,42;-320,8181818;6;703;704;705
teste codigo 236;Nome produto 236;Fita PP;12884,93939;1529,163636;4.11;0;R$ 242,45;-322,2727273;6;706;707;708
teste codigo 237;Nome produto 237;Fita PP;12940,06061;1535,636364;57.9;0;R$ 243,49;-323,7272727;6;709;710;711
teste codigo 238;Nome produto 238;Fita PP;12995,18182;1542,109091;7.5;0;R$ 244,52;-325,1818182;6;712;713;714
teste codigo 239;Nome produto 239;small;13050,30303;1548,581818;0;0;R$ 245,55;-326,6363636;6;715;716;717
teste codigo 240;Nome produto 240;small;13105,42424;1555,054545;0;0;R$ 246,58;-328,0909091;6;718;719;720
teste codigo 241;Nome produto 241;Fita PP;13160,54545;1561,527273;4.12;0;R$ 247,61;-329,5454545;6;721;722;723
teste codigo 242;Nome produto 242;Fita PP;13215,66667;1568;2.8;0;R$ 248,64;-331;6;724;725;726
teste codigo 243;Nome produto 243;Fita PP;13270,78788;1574,472727;3.10;0;R$ 249,67;-332,4545454;6;727;728;729
teste codigo 244;Nome produto 244;Fita PP;13325,90909;1580,945455;2.80;0;R$ 250,70;-333,9090909;6;730;731;732
teste codigo 245;Nome produto 245;Fita PP;13381,0303;1587,418182;2.92;0;R$ 251,74;-335,3636364;6;733;734;735
teste codigo 246;Nome produto 246;Fita PP;13436,15152;1593,890909;4.12;0;R$ 252,77;-336,8181818;6;736;737;738
teste codigo 247;Nome produto 247;Fita PP;13491,27273;1600,363636;57.10;0;R$ 253,80;-338,2727273;6;739;740;741
teste codigo 248;Nome produto 248;Fita PP;13546,39394;1606,836364;7.6;0;R$ 254,83;-339,7272727;6;742;743;744
teste codigo 249;Nome produto 249;small;13601,51515;1613,309091;0;0;R$ 255,86;-341,1818182;6;745;746;747
teste codigo 250;Nome produto 250;small;13656,63636;1619,781818;0;0;R$ 256,89;-342,6363636;6;748;749;750
teste codigo 251;Nome produto 251;Fita PP;13711,75758;1626,254545;4.13;0;R$ 257,92;-344,0909091;6;751;752;753
teste codigo 252;Nome produto 252;Fita PP;13766,87879;1632,727273;2.9;0;R$ 258,96;-345,5454545;6;754;755;756
teste codigo 253;Nome produto 253;Fita PP;13822;1639,2;3.11;0;R$ 259,99;-347;6;757;758;759
teste codigo 254;Nome produto 254;Fita PP;13877,12121;1645,672727;2.104;0;R$ 261,02;-348,4545454;6;760;761;762
teste codigo 255;Nome produto 255;Fita PP;13932,24242;1652,145455;2.116;0;R$ 262,05;-349,9090909;6;763;764;765
teste codigo 256;Nome produto 256;Fita PP;13987,36364;1658,618182;4.13;0;R$ 263,08;-351,3636364;6;766;767;768
teste codigo 257;Nome produto 257;Fita PP;14042,48485;1665,090909;57.11;0;R$ 264,11;-352,8181818;6;769;770;771
teste codigo 258;Nome produto 258;Fita PP;14097,60606;1671,563636;7.7;0;R$ 265,14;-354,2727273;6;772;773;774
teste codigo 259;Nome produto 259;small;14152,72727;1678,036364;0;0;R$ 266,17;-355,7272727;6;775;776;777
teste codigo 260;Nome produto 260;small;14207,84848;1684,509091;0;0;R$ 267,21;-357,1818182;6;778;779;780
teste codigo 261;Nome produto 261;Fita PP;14262,9697;1690,981818;4.12;0;R$ 268,24;-358,6363636;6;781;782;783
teste codigo 262;Nome produto 262;Fita PP;14318,09091;1697,454545;2.8;0;R$ 269,27;-360,0909091;6;784;785;786
teste codigo 263;Nome produto 263;Fita PP;14373,21212;1703,927273;3.10;0;R$ 270,30;-361,5454545;6;787;788;789
teste codigo 264;Nome produto 264;Fita PP;14428,33333;1710,4;2.80;0;R$ 271,33;-363;6;790;791;792
teste codigo 265;Nome produto 265;Fita PP;14483,45455;1716,872727;2.92;0;R$ 272,36;-364,4545454;6;793;794;795
teste codigo 266;Nome produto 266;Fita PP;14538,57576;1723,345455;4.12;0;R$ 273,39;-365,9090909;6;796;797;798
teste codigo 267;Nome produto 267;Fita PP;14593,69697;1729,818182;57.10;0;R$ 274,43;-367,3636364;6;799;800;801
teste codigo 268;Nome produto 268;Fita PP;14648,81818;1736,290909;7.6;0;R$ 275,46;-368,8181818;6;802;803;804
teste codigo 269;Nome produto 269;small;14703,93939;1742,763636;0;0;R$ 276,49;-370,2727273;6;805;806;807
teste codigo 270;Nome produto 270;small;14759,06061;1749,236364;0;0;R$ 277,52;-371,7272727;6;808;809;810
teste codigo 271;Nome produto 271;Fita PP;14814,18182;1755,709091;4.13;0;R$ 278,55;-373,1818182;6;811;812;813
teste codigo 272;Nome produto 272;Fita PP;14869,30303;1762,181818;2.9;0;R$ 279,58;-374,6363636;6;814;815;816
teste codigo 273;Nome produto 273;Fita PP;14924,42424;1768,654545;3.11;0;R$ 280,61;-376,0909091;6;817;818;819
teste codigo 274;Nome produto 274;Fita PP;14979,54545;1775,127273;2.104;0;R$ 281,64;-377,5454545;6;820;821;822
teste codigo 275;Nome produto 275;Fita PP;15034,66667;1781,6;2.116;0;R$ 282,68;-379;6;823;824;825
teste codigo 276;Nome produto 276;Fita PP;15089,78788;1788,072727;4.13;0;R$ 283,71;-380,4545454;6;826;827;828
teste codigo 277;Nome produto 277;Fita PP;15144,90909;1794,545455;57.11;0;R$ 284,74;-381,9090909;6;829;830;831
teste codigo 278;Nome produto 278;Fita PP;15200,0303;1801,018182;7.7;0;R$ 285,77;-383,3636364;6;832;833;834
teste codigo 279;Nome produto 279;small;15255,15152;1807,490909;0;0;R$ 286,80;-384,8181818;6;835;836;837
teste codigo 280;Nome produto 280;small;15310,27273;1813,963636;0;0;R$ 287,83;-386,2727273;6;838;839;840
teste codigo 281;Nome produto 281;Fita PP;15365,39394;1820,436364;4.14;0;R$ 288,86;-387,7272727;6;841;842;843
teste codigo 282;Nome produto 282;Fita PP;15420,51515;1826,909091;2.10;0;R$ 289,90;-389,1818182;6;844;845;846
teste codigo 283;Nome produto 283;Fita PP;15475,63636;1833,381818;3.12;0;R$ 290,93;-390,6363636;6;847;848;849
teste codigo 284;Nome produto 284;Fita PP;15530,75758;1839,854545;2.128;0;R$ 291,96;-392,0909091;6;850;851;852
teste codigo 285;Nome produto 285;Fita PP;15585,87879;1846,327273;2.140;0;R$ 292,99;-393,5454545;6;853;854;855
teste codigo 286;Nome produto 286;Fita PP;15641;1852,8;4.14;0;R$ 294,02;-395;6;856;857;858
teste codigo 287;Nome produto 287;Fita PP;15696,12121;1859,272727;57.12;0;R$ 295,05;-396,4545454;6;859;860;861
teste codigo 288;Nome produto 288;Fita PP;15751,24242;1865,745455;7.8;0;R$ 296,08;-397,9090909;6;862;863;864
teste codigo 289;Nome produto 289;small;15806,36364;1872,218182;0;0;R$ 297,11;-399,3636364;6;865;866;867
teste codigo 290;Nome produto 290;small;15861,48485;1878,690909;0;0;R$ 298,15;-400,8181818;6;868;869;870
teste codigo 291;Nome produto 291;Fita PP;15916,60606;1885,163636;4.13;0;R$ 299,18;-402,2727273;6;871;872;873
teste codigo 292;Nome produto 292;Fita PP;15971,72727;1891,636364;2.9;0;R$ 300,21;-403,7272727;6;874;875;876
teste codigo 293;Nome produto 293;Fita PP;16026,84848;1898,109091;3.11;0;R$ 301,24;-405,1818182;6;877;878;879
teste codigo 294;Nome produto 294;Fita PP;16081,9697;1904,581818;2.104;0;R$ 302,27;-406,6363636;6;880;881;882
teste codigo 295;Nome produto 295;Fita PP;16137,09091;1911,054545;2.116;0;R$ 303,30;-408,0909091;6;883;884;885
teste codigo 296;Nome produto 296;Fita PP;16192,21212;1917,527273;4.13;0;R$ 304,33;-409,5454545;6;886;887;888
teste codigo 297;Nome produto 297;Fita PP;16247,33333;1924;57.11;0;R$ 305,37;-411;6;889;890;891
teste codigo 298;Nome produto 298;small;16302,45455;1930,472727;0;0;R$ 306,40;-412,4545454;6;892;893;894
teste codigo 299;Nome produto 299;small;16357,57576;1936,945455;0;0;R$ 307,43;-413,9090909;6;895;896;897
teste codigo 300;Nome produto 300;Fita PP;16412,69697;1943,418182;4.11;0;R$ 308,46;-415,3636364;6;898;899;900
teste codigo 301;Nome produto 301;Fita PP;16467,81818;1949,890909;2.7;0;R$ 309,49;-416,8181818;6;901;902;903
teste codigo 302;Nome produto 302;Fita PP;16522,93939;1956,363636;3.9;0;R$ 310,52;-418,2727273;6;904;905;906
teste codigo 303;Nome produto 303;Fita PP;16578,06061;1962,836364;2.56;0;R$ 311,55;-419,7272727;6;907;908;909
teste codigo 304;Nome produto 304;Fita PP;16633,18182;1969,309091;2.68;0;R$ 312,58;-421,1818182;6;910;911;912
teste codigo 305;Nome produto 305;Fita PP;16688,30303;1975,781818;4.11;0;R$ 313,62;-422,6363636;6;913;914;915
teste codigo 306;Nome produto 306;Fita PP;16743,42424;1982,254545;57.9;0;R$ 314,65;-424,0909091;6;916;917;918
teste codigo 307;Nome produto 307;Fita PP;16798,54545;1988,727273;7.5;0;R$ 315,68;-425,5454545;6;919;920;921
teste codigo 308;Nome produto 308;small;16853,66667;1995,2;0;0;R$ 316,71;-427;6;922;923;924
teste codigo 309;Nome produto 309;small;16908,78788;2001,672727;0;0;R$ 317,74;-428,4545454;6;925;926;927
teste codigo 310;Nome produto 310;Fita PP;16963,90909;2008,145455;4.12;0;R$ 318,77;-429,9090909;6;928;929;930
teste codigo 311;Nome produto 311;Fita PP;17019,0303;2014,618182;2.8;0;R$ 319,80;-431,3636364;6;931;932;933
teste codigo 312;Nome produto 312;Fita PP;17074,15152;2021,090909;3.10;0;R$ 320,84;-432,8181818;6;934;935;936
teste codigo 313;Nome produto 313;Fita PP;17129,27273;2027,563636;2.80;0;R$ 321,87;-434,2727273;6;937;938;939
teste codigo 314;Nome produto 314;Fita PP;17184,39394;2034,036364;2.92;0;R$ 322,90;-435,7272727;6;940;941;942
teste codigo 315;Nome produto 315;Fita PP;17239,51515;2040,509091;4.12;0;R$ 323,93;-437,1818182;6;943;944;945
teste codigo 316;Nome produto 316;Fita PP;17294,63636;2046,981818;57.10;0;R$ 324,96;-438,6363636;6;946;947;948
teste codigo 317;Nome produto 317;Fita PP;17349,75758;2053,454545;7.6;0;R$ 325,99;-440,0909091;6;949;950;951
teste codigo 318;Nome produto 318;small;17404,87879;2059,927273;0;0;R$ 327,02;-441,5454545;6;952;953;954
teste codigo 319;Nome produto 319;small;17460;2066,4;0;0;R$ 328,05;-443;6;955;956;957
teste codigo 320;Nome produto 320;Fita PP;17515,12121;2072,872727;4.13;0;R$ 329,09;-444,4545454;6;958;959;960
teste codigo 321;Nome produto 321;Fita PP;17570,24242;2079,345455;2.9;0;R$ 330,12;-445,9090909;6;961;962;963
teste codigo 322;Nome produto 322;Fita PP;17625,36364;2085,818182;3.11;0;R$ 331,15;-447,3636364;6;964;965;966
teste codigo 323;Nome produto 323;Fita PP;17680,48485;2092,290909;2.104;0;R$ 332,18;-448,8181818;6;967;968;969
teste codigo 324;Nome produto 324;Fita PP;17735,60606;2098,763636;2.116;0;R$ 333,21;-450,2727273;6;970;971;972
teste codigo 325;Nome produto 325;Fita PP;17790,72727;2105,236364;4.13;0;R$ 334,24;-451,7272727;6;973;974;975
teste codigo 326;Nome produto 326;Fita PP;17845,84848;2111,709091;57.11;0;R$ 335,27;-453,1818182;6;976;977;978
teste codigo 327;Nome produto 327;Fita PP;17900,9697;2118,181818;7.7;0;R$ 336,31;-454,6363636;6;979;980;981
teste codigo 328;Nome produto 328;small;17956,09091;2124,654545;0;0;R$ 337,34;-456,0909091;6;982;983;984
teste codigo 329;Nome produto 329;small;18011,21212;2131,127273;0;0;R$ 338,37;-457,5454545;6;985;986;987
teste codigo 330;Nome produto 330;Fita PP;18066,33333;2137,6;4.12;0;R$ 339,40;-459;6;988;989;990
teste codigo 331;Nome produto 331;Fita PP;18121,45455;2144,072727;2.8;0;R$ 340,43;-460,4545454;6;991;992;993
teste codigo 332;Nome produto 332;Fita PP;18176,57576;2150,545455;3.10;0;R$ 341,46;-461,9090909;6;994;995;996
teste codigo 333;Nome produto 333;Fita PP;18231,69697;2157,018182;2.80;0;R$ 342,49;-463,3636364;6;997;998;999
teste codigo 334;Nome produto 334;Fita PP;18286,81818;2163,490909;2.92;0;R$ 343,52;-464,8181818;6;1000;1001;1002
teste codigo 335;Nome produto 335;Fita PP;18341,93939;2169,963636;4.12;0;R$ 344,56;-466,2727273;6;1003;1004;1005
teste codigo 336;Nome produto 336;Fita PP;18397,06061;2176,436364;57.10;0;R$ 345,59;-467,7272727;6;1006;1007;1008
teste codigo 337;Nome produto 337;Fita PP;18452,18182;2182,909091;7.6;0;R$ 346,62;-469,1818182;6;1009;1010;1011
teste codigo 338;Nome produto 338;small;18507,30303;2189,381818;0;0;R$ 347,65;-470,6363636;6;1012;1013;1014
teste codigo 339;Nome produto 339;small;18562,42424;2195,854545;0;0;R$ 348,68;-472,0909091;6;1015;1016;1017
teste codigo 340;Nome produto 340;Fita PP;18617,54545;2202,327273;4.13;0;R$ 349,71;-473,5454545;6;1018;1019;1020
teste codigo 341;Nome produto 341;Fita PP;18672,66667;2208,8;2.9;0;R$ 350,74;-475;6;1021;1022;1023
teste codigo 342;Nome produto 342;Fita PP;18727,78788;2215,272727;3.11;0;R$ 351,78;-476,4545454;6;1024;1025;1026
teste codigo 343;Nome produto 343;Fita PP;18782,90909;2221,745455;2.104;0;R$ 352,81;-477,9090909;6;1027;1028;1029
teste codigo 344;Nome produto 344;Fita PP;18838,0303;2228,218182;2.116;0;R$ 353,84;-479,3636364;6;1030;1031;1032
teste codigo 345;Nome produto 345;Fita PP;18893,15152;2234,690909;4.13;0;R$ 354,87;-480,8181818;6;1033;1034;1035
teste codigo 346;Nome produto 346;Fita PP;18948,27273;2241,163636;57.11;0;R$ 355,90;-482,2727273;6;1036;1037;1038
teste codigo 347;Nome produto 347;Fita PP;19003,39394;2247,636364;7.7;0;R$ 356,93;-483,7272727;6;1039;1040;1041
teste codigo 348;Nome produto 348;small;19058,51515;2254,109091;0;0;R$ 357,96;-485,1818182;6;1042;1043;1044
teste codigo 349;Nome produto 349;small;19113,63636;2260,581818;0;0;R$ 358,99;-486,6363636;6;1045;1046;1047
teste codigo 350;Nome produto 350;Fita PP;19168,75758;2267,054545;4.14;0;R$ 360,03;-488,0909091;6;1048;1049;1050
teste codigo 351;Nome produto 351;Fita PP;19223,87879;2273,527273;2.10;0;R$ 361,06;-489,5454545;6;1051;1052;1053
teste codigo 352;Nome produto 352;Fita PP;19279;2280;3.12;0;R$ 362,09;-491;6;1054;1055;1056
teste codigo 353;Nome produto 353;Fita PP;19334,12121;2286,472727;2.128;0;R$ 363,12;-492,4545454;6;1057;1058;1059
teste codigo 354;Nome produto 354;Fita PP;19389,24242;2292,945455;2.140;0;R$ 364,15;-493,9090909;6;1060;1061;1062
teste codigo 355;Nome produto 355;Fita PP;19444,36364;2299,418182;4.14;0;R$ 365,18;-495,3636364;6;1063;1064;1065
teste codigo 356;Nome produto 356;Fita PP;19499,48485;2305,890909;57.12;0;R$ 366,21;-496,8181818;6;1066;1067;1068
teste codigo 357;Nome produto 357;Fita PP;19554,60606;2312,363636;7.8;0;R$ 367,25;-498,2727273;6;1069;1070;1071
teste codigo 358;Nome produto 358;small;19609,72727;2318,836364;0;0;R$ 368,28;-499,7272727;6;1072;1073;1074
teste codigo 359;Nome produto 359;small;19664,84848;2325,309091;0;0;R$ 369,31;-501,1818182;6;1075;1076;1077
teste codigo 360;Nome produto 360;Fita PP;19719,9697;2331,781818;4.13;0;R$ 370,34;-502,6363636;6;1078;1079;1080
teste codigo 361;Nome produto 361;Fita PP;19775,09091;2338,254545;2.9;0;R$ 371,37;-504,0909091;6;1081;1082;1083
teste codigo 362;Nome produto 362;Fita PP;19830,21212;2344,727273;3.11;0;R$ 372,40;-505,5454545;6;1084;1085;1086
teste codigo 363;Nome produto 363;Fita PP;19885,33333;2351,2;2.104;0;R$ 373,43;-507;6;1087;1088;1089
teste codigo 364;Nome produto 364;Fita PP;19940,45455;2357,672727;2.116;0;R$ 374,47;-508,4545454;6;1090;1091;1092
teste codigo 365;Nome produto 365;Fita PP;19995,57576;2364,145455;4.13;0;R$ 375,50;-509,9090909;6;1093;1094;1095
teste codigo 366;Nome produto 366;Fita PP;20050,69697;2370,618182;57.11;0;R$ 376,53;-511,3636364;6;1096;1097;1098
teste codigo 367;Nome produto 367;Fita PP;20105,81818;2377,090909;7.7;0;R$ 377,56;-512,8181818;6;1099;1100;1101
teste codigo 368;Nome produto 368;small;20160,93939;2383,563636;0;0;R$ 378,59;-514,2727273;6;1102;1103;1104
teste codigo 369;Nome produto 369;small;20216,06061;2390,036364;0;0;R$ 379,62;-515,7272727;6;1105;1106;1107
teste codigo 370;Nome produto 370;Fita PP;20271,18182;2396,509091;4.14;0;R$ 380,65;-517,1818182;6;1108;1109;1110
teste codigo 371;Nome produto 371;Fita PP;20326,30303;2402,981818;2.10;0;R$ 381,68;-518,6363636;6;1111;1112;1113
teste codigo 372;Nome produto 372;Fita PP;20381,42424;2409,454545;3.12;0;R$ 382,72;-520,0909091;6;1114;1115;1116
teste codigo 373;Nome produto 373;Fita PP;20436,54545;2415,927273;2.128;0;R$ 383,75;-521,5454545;6;1117;1118;1119
teste codigo 374;Nome produto 374;Fita PP;20491,66667;2422,4;2.140;0;R$ 384,78;-523;6;1120;1121;1122
teste codigo 375;Nome produto 375;Fita PP;20546,78788;2428,872727;4.14;0;R$ 385,81;-524,4545454;6;1123;1124;1125
teste codigo 376;Nome produto 376;Fita PP;20601,90909;2435,345455;57.12;0;R$ 386,84;-525,9090909;6;1126;1127;1128
teste codigo 377;Nome produto 377;Fita PP;20657,0303;2441,818182;7.8;0;R$ 387,87;-527,3636364;6;1129;1130;1131
teste codigo 378;Nome produto 378;small;20712,15152;2448,290909;0;0;R$ 388,90;-528,8181818;6;1132;1133;1134
teste codigo 379;Nome produto 379;small;20767,27273;2454,763636;0;0;R$ 389,94;-530,2727273;6;1135;1136;1137
teste codigo 380;Nome produto 380;Fita PP;20822,39394;2461,236364;4.15;0;R$ 390,97;-531,7272727;6;1138;1139;1140
teste codigo 381;Nome produto 381;Fita PP;20877,51515;2467,709091;2.11;0;R$ 392,00;-533,1818182;6;1141;1142;1143
teste codigo 382;Nome produto 382;Fita PP;20932,63636;2474,181818;3.13;0;R$ 393,03;-534,6363636;6;1144;1145;1146
teste codigo 383;Nome produto 383;Fita PP;20987,75758;2480,654545;2.152;0;R$ 394,06;-536,0909091;6;1147;1148;1149
teste codigo 384;Nome produto 384;Fita PP;21042,87879;2487,127273;2.164;0;R$ 395,09;-537,5454545;6;1150;1151;1152
teste codigo 385;Nome produto 385;Fita PP;21098;2493,6;4.15;0;R$ 396,12;-539;6;1153;1154;1155
teste codigo 386;Nome produto 386;Fita PP;21153,12121;2500,072727;57.13;0;R$ 397,15;-540,4545454;6;1156;1157;1158
teste codigo 387;Nome produto 387;Fita PP;21208,24242;2506,545455;7.9;0;R$ 398,19;-541,9090909;6;1159;1160;1161
teste codigo 388;Nome produto 388;small;21263,36364;2513,018182;0;0;R$ 399,22;-543,3636364;6;1162;1163;1164
teste codigo 389;Nome produto 389;small;21318,48485;2519,490909;0;0;R$ 400,25;-544,8181818;6;1165;1166;1167
teste codigo 390;Nome produto 390;Fita PP;21373,60606;2525,963636;4.14;0;R$ 401,28;-546,2727273;6;1168;1169;1170
teste codigo 391;Nome produto 391;Fita PP;21428,72727;2532,436364;2.10;0;R$ 402,31;-547,7272727;6;1171;1172;1173
teste codigo 392;Nome produto 392;Fita PP;21483,84848;2538,909091;3.12;0;R$ 403,34;-549,1818182;6;1174;1175;1176
teste codigo 393;Nome produto 393;Fita PP;21538,9697;2545,381818;2.128;0;R$ 404,37;-550,6363636;6;1177;1178;1179
teste codigo 394;Nome produto 394;Fita PP;21594,09091;2551,854545;2.140;0;R$ 405,41;-552,0909091;6;1180;1181;1182
teste codigo 395;Nome produto 395;Fita PP;21649,21212;2558,327273;4.14;0;R$ 406,44;-553,5454545;6;1183;1184;1185
teste codigo 396;Nome produto 396;Fita PP;21704,33333;2564,8;57.12;0;R$ 407,47;-555;6;1186;1187;1188
teste codigo 397;Nome produto 397;small;21759,45455;2571,272727;0;0;R$ 408,50;-556,4545454;6;1189;1190;1191
teste codigo 398;Nome produto 398;small;21814,57576;2577,745455;0;0;R$ 409,53;-557,9090909;6;1192;1193;1194
teste codigo 399;Nome produto 399;Fita PP;21869,69697;2584,218182;4.12;0;R$ 410,56;-559,3636364;6;1195;1196;1197
teste codigo 400;Nome produto 400;Fita PP;21924,81818;2590,690909;2.8;0;R$ 411,59;-560,8181818;6;1198;1199;1200
teste codigo 401;Nome produto 401;Fita PP;21979,93939;2597,163636;3.10;0;R$ 412,62;-562,2727273;6;1201;1202;1203
teste codigo 402;Nome produto 402;Fita PP;22035,06061;2603,636364;2.80;0;R$ 413,66;-563,7272727;6;1204;1205;1206
teste codigo 403;Nome produto 403;Fita PP;22090,18182;2610,109091;2.92;0;R$ 414,69;-565,1818182;6;1207;1208;1209
teste codigo 404;Nome produto 404;Fita PP;22145,30303;2616,581818;4.12;0;R$ 415,72;-566,6363636;6;1210;1211;1212
teste codigo 405;Nome produto 405;Fita PP;22200,42424;2623,054545;57.10;0;R$ 416,75;-568,0909091;6;1213;1214;1215
teste codigo 406;Nome produto 406;Fita PP;22255,54545;2629,527273;7.6;0;R$ 417,78;-569,5454545;6;1216;1217;1218
teste codigo 407;Nome produto 407;small;22310,66667;2636;0;0;R$ 418,81;-571;6;1219;1220;1221
teste codigo 408;Nome produto 408;small;22365,78788;2642,472727;0;0;R$ 419,84;-572,4545454;6;1222;1223;1224
teste codigo 409;Nome produto 409;Fita PP;22420,90909;2648,945455;4.13;0;R$ 420,88;-573,9090909;6;1225;1226;1227
teste codigo 410;Nome produto 410;Fita PP;22476,0303;2655,418182;2.9;0;R$ 421,91;-575,3636364;6;1228;1229;1230
teste codigo 411;Nome produto 411;Fita PP;22531,15152;2661,890909;3.11;0;R$ 422,94;-576,8181818;6;1231;1232;1233
teste codigo 412;Nome produto 412;Fita PP;22586,27273;2668,363636;2.104;0;R$ 423,97;-578,2727273;6;1234;1235;1236
teste codigo 413;Nome produto 413;Fita PP;22641,39394;2674,836364;2.116;0;R$ 425,00;-579,7272727;6;1237;1238;1239
teste codigo 414;Nome produto 414;Fita PP;22696,51515;2681,309091;4.13;0;R$ 426,03;-581,1818182;6;1240;1241;1242
teste codigo 415;Nome produto 415;Fita PP;22751,63636;2687,781818;57.11;0;R$ 427,06;-582,6363636;6;1243;1244;1245
teste codigo 416;Nome produto 416;Fita PP;22806,75758;2694,254545;7.7;0;R$ 428,09;-584,0909091;6;1246;1247;1248
teste codigo 417;Nome produto 417;small;22861,87879;2700,727273;0;0;R$ 429,13;-585,5454545;6;1249;1250;1251
teste codigo 418;Nome produto 418;small;22917;2707,2;0;0;R$ 430,16;-587;6;1252;1253;1254
teste codigo 419;Nome produto 419;Fita PP;22972,12121;2713,672727;4.14;0;R$ 431,19;-588,4545454;6;1255;1256;1257
teste codigo 420;Nome produto 420;Fita PP;23027,24242;2720,145455;2.10;0;R$ 432,22;-589,9090909;6;1258;1259;1260
teste codigo 421;Nome produto 421;Fita PP;23082,36364;2726,618182;3.12;0;R$ 433,25;-591,3636364;6;1261;1262;1263
teste codigo 422;Nome produto 422;Fita PP;23137,48485;2733,090909;2.128;0;R$ 434,28;-592,8181818;6;1264;1265;1266
teste codigo 423;Nome produto 423;Fita PP;23192,60606;2739,563636;2.140;0;R$ 435,31;-594,2727273;6;1267;1268;1269
teste codigo 424;Nome produto 424;Fita PP;23247,72727;2746,036364;4.14;0;R$ 436,35;-595,7272727;6;1270;1271;1272
teste codigo 425;Nome produto 425;Fita PP;23302,84848;2752,509091;57.12;0;R$ 437,38;-597,1818182;6;1273;1274;1275
teste codigo 426;Nome produto 426;Fita PP;23357,9697;2758,981818;7.8;0;R$ 438,41;-598,6363636;6;1276;1277;1278
teste codigo 427;Nome produto 427;small;23413,09091;2765,454545;0;0;R$ 439,44;-600,0909091;6;1279;1280;1281
teste codigo 428;Nome produto 428;small;23468,21212;2771,927273;0;0;R$ 440,47;-601,5454545;6;1282;1283;1284
teste codigo 429;Nome produto 429;Fita PP;23523,33333;2778,4;4.13;0;R$ 441,50;-603;6;1285;1286;1287
teste codigo 430;Nome produto 430;Fita PP;23578,45455;2784,872727;2.9;0;R$ 442,53;-604,4545454;6;1288;1289;1290
teste codigo 431;Nome produto 431;Fita PP;23633,57576;2791,345455;3.11;0;R$ 443,56;-605,9090909;6;1291;1292;1293
teste codigo 432;Nome produto 432;Fita PP;23688,69697;2797,818182;2.104;0;R$ 444,60;-607,3636364;6;1294;1295;1296
teste codigo 433;Nome produto 433;Fita PP;23743,81818;2804,290909;2.116;0;R$ 445,63;-608,8181818;6;1297;1298;1299
teste codigo 434;Nome produto 434;Fita PP;23798,93939;2810,763636;4.13;0;R$ 446,66;-610,2727273;6;1300;1301;1302
teste codigo 435;Nome produto 435;Fita PP;23854,06061;2817,236364;57.11;0;R$ 447,69;-611,7272727;6;1303;1304;1305
teste codigo 436;Nome produto 436;Fita PP;23909,18182;2823,709091;7.7;0;R$ 448,72;-613,1818182;6;1306;1307;1308
teste codigo 437;Nome produto 437;small;23964,30303;2830,181818;0;0;R$ 449,75;-614,6363636;6;1309;1310;1311
teste codigo 438;Nome produto 438;small;24019,42424;2836,654545;0;0;R$ 450,78;-616,0909091;6;1312;1313;1314
teste codigo 439;Nome produto 439;Fita PP;24074,54545;2843,127273;4.14;0;R$ 451,82;-617,5454545;6;1315;1316;1317
teste codigo 440;Nome produto 440;Fita PP;24129,66667;2849,6;2.10;0;R$ 452,85;-619;6;1318;1319;1320
teste codigo 441;Nome produto 441;Fita PP;24184,78788;2856,072727;3.12;0;R$ 453,88;-620,4545454;6;1321;1322;1323
teste codigo 442;Nome produto 442;Fita PP;24239,90909;2862,545455;2.128;0;R$ 454,91;-621,9090909;6;1324;1325;1326
teste codigo 443;Nome produto 443;Fita PP;24295,0303;2869,018182;2.140;0;R$ 455,94;-623,3636364;6;1327;1328;1329
teste codigo 444;Nome produto 444;Fita PP;24350,15152;2875,490909;4.14;0;R$ 456,97;-624,8181818;6;1330;1331;1332
teste codigo 445;Nome produto 445;Fita PP;24405,27273;2881,963636;57.12;0;R$ 458,00;-626,2727273;6;1333;1334;1335
teste codigo 446;Nome produto 446;Fita PP;24460,39394;2888,436364;7.8;0;R$ 459,03;-627,7272727;6;1336;1337;1338
teste codigo 447;Nome produto 447;small;24515,51515;2894,909091;0;0;R$ 460,07;-629,1818182;6;1339;1340;1341
teste codigo 448;Nome produto 448;small;24570,63636;2901,381818;0;0;R$ 461,10;-630,6363636;6;1342;1343;1344
teste codigo 449;Nome produto 449;Fita PP;24625,75758;2907,854545;4.15;0;R$ 462,13;-632,0909091;6;1345;1346;1347
teste codigo 450;Nome produto 450;Fita PP;24680,87879;2914,327273;2.11;0;R$ 463,16;-633,5454545;6;1348;1349;1350
teste codigo 451;Nome produto 451;Fita PP;24736;2920,8;3.13;0;R$ 464,19;-635;6;1351;1352;1353
teste codigo 452;Nome produto 452;Fita PP;24791,12121;2927,272727;2.152;0;R$ 465,22;-636,4545454;6;1354;1355;1356
teste codigo 453;Nome produto 453;Fita PP;24846,24242;2933,745455;2.164;0;R$ 466,25;-637,9090909;6;1357;1358;1359
teste codigo 454;Nome produto 454;Fita PP;24901,36364;2940,218182;4.15;0;R$ 467,29;-639,3636364;6;1360;1361;1362
teste codigo 455;Nome produto 455;Fita PP;24956,48485;2946,690909;57.13;0;R$ 468,32;-640,8181818;6;1363;1364;1365
teste codigo 456;Nome produto 456;Fita PP;25011,60606;2953,163636;7.9;0;R$ 469,35;-642,2727273;6;1366;1367;1368
teste codigo 457;Nome produto 457;small;25066,72727;2959,636364;0;0;R$ 470,38;-643,7272727;6;1369;1370;1371
teste codigo 458;Nome produto 458;small;25121,84848;2966,109091;0;0;R$ 471,41;-645,1818182;6;1372;1373;1374
teste codigo 459;Nome produto 459;Fita PP;25176,9697;2972,581818;4.14;0;R$ 472,44;-646,6363636;6;1375;1376;1377
teste codigo 460;Nome produto 460;Fita PP;25232,09091;2979,054545;2.10;0;R$ 473,47;-648,0909091;6;1378;1379;1380
teste codigo 461;Nome produto 461;Fita PP;25287,21212;2985,527273;3.12;0;R$ 474,50;-649,5454545;6;1381;1382;1383
teste codigo 462;Nome produto 462;Fita PP;25342,33333;2992;2.128;0;R$ 475,54;-651;6;1384;1385;1386
teste codigo 463;Nome produto 463;Fita PP;25397,45455;2998,472727;2.140;0;R$ 476,57;-652,4545454;6;1387;1388;1389
teste codigo 464;Nome produto 464;Fita PP;25452,57576;3004,945455;4.14;0;R$ 477,60;-653,9090909;6;1390;1391;1392
teste codigo 465;Nome produto 465;Fita PP;25507,69697;3011,418182;57.12;0;R$ 478,63;-655,3636364;6;1393;1394;1395
teste codigo 466;Nome produto 466;Fita PP;25562,81818;3017,890909;7.8;0;R$ 479,66;-656,8181818;6;1396;1397;1398
teste codigo 467;Nome produto 467;small;25617,93939;3024,363636;0;0;R$ 480,69;-658,2727273;6;1399;1400;1401
teste codigo 468;Nome produto 468;small;25673,06061;3030,836364;0;0;R$ 481,72;-659,7272727;6;1402;1403;1404
teste codigo 469;Nome produto 469;Fita PP;25728,18182;3037,309091;4.15;0;R$ 482,76;-661,1818182;6;1405;1406;1407
teste codigo 470;Nome produto 470;Fita PP;25783,30303;3043,781818;2.11;0;R$ 483,79;-662,6363636;6;1408;1409;1410
teste codigo 471;Nome produto 471;Fita PP;25838,42424;3050,254545;3.13;0;R$ 484,82;-664,0909091;6;1411;1412;1413
teste codigo 472;Nome produto 472;Fita PP;25893,54545;3056,727273;2.152;0;R$ 485,85;-665,5454545;6;1414;1415;1416
teste codigo 473;Nome produto 473;Fita PP;25948,66667;3063,2;2.164;0;R$ 486,88;-667;6;1417;1418;1419
teste codigo 474;Nome produto 474;Fita PP;26003,78788;3069,672727;4.15;0;R$ 487,91;-668,4545454;6;1420;1421;1422
teste codigo 475;Nome produto 475;Fita PP;26058,90909;3076,145455;57.13;0;R$ 488,94;-669,9090909;6;1423;1424;1425
teste codigo 476;Nome produto 476;Fita PP;26114,0303;3082,618182;7.9;0;R$ 489,97;-671,3636364;6;1426;1427;1428
teste codigo 477;Nome produto 477;small;26169,15152;3089,090909;0;0;R$ 491,01;-672,8181818;6;1429;1430;1431
teste codigo 478;Nome produto 478;small;26224,27273;3095,563636;0;0;R$ 492,04;-674,2727273;6;1432;1433;1434
teste codigo 479;Nome produto 479;Fita PP;26279,39394;3102,036364;4.16;0;R$ 493,07;-675,7272727;6;1435;1436;1437
teste codigo 480;Nome produto 480;Fita PP;26334,51515;3108,509091;2.12;0;R$ 494,10;-677,1818182;6;1438;1439;1440
teste codigo 481;Nome produto 481;Fita PP;26389,63636;3114,981818;3.14;0;R$ 495,13;-678,6363636;6;1441;1442;1443
teste codigo 482;Nome produto 482;Fita PP;26444,75758;3121,454545;2.176;0;R$ 496,16;-680,0909091;6;1444;1445;1446
teste codigo 483;Nome produto 483;Fita PP;26499,87879;3127,927273;2.188;0;R$ 497,19;-681,5454545;6;1447;1448;1449
teste codigo 484;Nome produto 484;Fita PP;26555;3134,4;4.16;0;R$ 498,23;-683;6;1450;1451;1452
teste codigo 485;Nome produto 485;Fita PP;26610,12121;3140,872727;57.14;0;R$ 499,26;-684,4545454;6;1453;1454;1455
teste codigo 486;Nome produto 486;Fita PP;26665,24242;3147,345455;7.10;0;R$ 500,29;-685,9090909;6;1456;1457;1458
teste codigo 487;Nome produto 487;small;26720,36364;3153,818182;0;0;R$ 501,32;-687,3636363;6;1459;1460;1461
teste codigo 488;Nome produto 488;small;26775,48485;3160,290909;0;0;R$ 502,35;-688,8181818;6;1462;1463;1464
teste codigo 489;Nome produto 489;Fita PP;26830,60606;3166,763636;4.15;0;R$ 503,38;-690,2727273;6;1465;1466;1467
teste codigo 490;Nome produto 490;Fita PP;26885,72727;3173,236364;2.11;0;R$ 504,41;-691,7272727;6;1468;1469;1470
teste codigo 491;Nome produto 491;Fita PP;26940,84848;3179,709091;3.13;0;R$ 505,44;-693,1818182;6;1471;1472;1473
teste codigo 492;Nome produto 492;Fita PP;26995,9697;3186,181818;2.152;0;R$ 506,48;-694,6363636;6;1474;1475;1476
teste codigo 493;Nome produto 493;Fita PP;27051,09091;3192,654545;2.164;0;R$ 507,51;-696,0909091;6;1477;1478;1479
teste codigo 494;Nome produto 494;Fita PP;27106,21212;3199,127273;4.15;0;R$ 508,54;-697,5454545;6;1480;1481;1482
teste codigo 495;Nome produto 495;Fita PP;27161,33333;3205,6;57.13;0;R$ 509,57;-699;6;1483;1484;1485
teste codigo 496;Nome produto 496;small;27216,45455;3212,072727;0;0;R$ 510,60;-700,4545454;6;1486;1487;1488
teste codigo 497;Nome produto 497;small;27271,57576;3218,545455;0;0;R$ 511,63;-701,9090909;6;1489;1490;1491
teste codigo 498;Nome produto 498;Fita PP;27326,69697;3225,018182;4.13;0;R$ 512,66;-703,3636363;6;1492;1493;1494
teste codigo 499;Nome produto 499;Fita PP;27381,81818;3231,490909;2.9;0;R$ 513,70;-704,8181818;6;1495;1496;1497
teste codigo 500;Nome produto 500;Fita PP;27436,93939;3237,963636;3.11;0;R$ 514,73;-706,2727273;6;1498;1499;1500
teste codigo 501;Nome produto 501;Fita PP;27492,06061;3244,436364;2.104;0;R$ 515,76;-707,7272727;6;1501;1502;1503
teste codigo 502;Nome produto 502;Fita PP;27547,18182;3250,909091;2.116;0;R$ 516,79;-709,1818182;6;1504;1505;1506
teste codigo 503;Nome produto 503;Fita PP;27602,30303;3257,381818;4.13;0;R$ 517,82;-710,6363636;6;1507;1508;1509
teste codigo 504;Nome produto 504;Fita PP;27657,42424;3263,854545;57.11;0;R$ 518,85;-712,0909091;6;1510;1511;1512
teste codigo 505;Nome produto 505;Fita PP;27712,54545;3270,327273;7.7;0;R$ 519,88;-713,5454545;6;1513;1514;1515
teste codigo 506;Nome produto 506;small;27767,66667;3276,8;0;0;R$ 520,91;-715;6;1516;1517;1518
teste codigo 507;Nome produto 507;small;27822,78788;3283,272727;0;0;R$ 521,95;-716,4545454;6;1519;1520;1521
teste codigo 508;Nome produto 508;Fita PP;27877,90909;3289,745455;4.14;0;R$ 522,98;-717,9090909;6;1522;1523;1524
teste codigo 509;Nome produto 509;Fita PP;27933,0303;3296,218182;2.10;0;R$ 524,01;-719,3636363;6;1525;1526;1527
teste codigo 510;Nome produto 510;Fita PP;27988,15152;3302,690909;3.12;0;R$ 525,04;-720,8181818;6;1528;1529;1530
teste codigo 511;Nome produto 511;Fita PP;28043,27273;3309,163636;2.128;0;R$ 526,07;-722,2727273;6;1531;1532;1533
teste codigo 512;Nome produto 512;Fita PP;28098,39394;3315,636364;2.140;0;R$ 527,10;-723,7272727;6;1534;1535;1536
teste codigo 513;Nome produto 513;Fita PP;28153,51515;3322,109091;4.14;0;R$ 528,13;-725,1818182;6;1537;1538;1539
teste codigo 514;Nome produto 514;Fita PP;28208,63636;3328,581818;57.12;0;R$ 529,17;-726,6363636;6;1540;1541;1542
teste codigo 515;Nome produto 515;Fita PP;28263,75758;3335,054545;7.8;0;R$ 530,20;-728,0909091;6;1543;1544;1545
teste codigo 516;Nome produto 516;small;28318,87879;3341,527273;0;0;R$ 531,23;-729,5454545;6;1546;1547;1548
teste codigo 517;Nome produto 517;small;28374;3348;0;0;R$ 532,26;-731;6;1549;1550;1551
teste codigo 518;Nome produto 518;Fita PP;28429,12121;3354,472727;4.15;0;R$ 533,29;-732,4545454;6;1552;1553;1554
teste codigo 519;Nome produto 519;Fita PP;28484,24242;3360,945455;2.11;0;R$ 534,32;-733,9090909;6;1555;1556;1557
teste codigo 520;Nome produto 520;Fita PP;28539,36364;3367,418182;3.13;0;R$ 535,35;-735,3636363;6;1558;1559;1560
teste codigo 521;Nome produto 521;Fita PP;28594,48485;3373,890909;2.152;0;R$ 536,38;-736,8181818;6;1561;1562;1563
teste codigo 522;Nome produto 522;Fita PP;28649,60606;3380,363636;2.164;0;R$ 537,42;-738,2727273;6;1564;1565;1566
teste codigo 523;Nome produto 523;Fita PP;28704,72727;3386,836364;4.15;0;R$ 538,45;-739,7272727;6;1567;1568;1569
teste codigo 524;Nome produto 524;Fita PP;28759,84848;3393,309091;57.13;0;R$ 539,48;-741,1818182;6;1570;1571;1572
teste codigo 525;Nome produto 525;Fita PP;28814,9697;3399,781818;7.9;0;R$ 540,51;-742,6363636;6;1573;1574;1575
teste codigo 526;Nome produto 526;small;28870,09091;3406,254545;0;0;R$ 541,54;-744,0909091;6;1576;1577;1578
teste codigo 527;Nome produto 527;small;28925,21212;3412,727273;0;0;R$ 542,57;-745,5454545;6;1579;1580;1581
teste codigo 528;Nome produto 528;Fita PP;28980,33333;3419,2;4.14;0;R$ 543,60;-747;6;1582;1583;1584
teste codigo 529;Nome produto 529;Fita PP;29035,45455;3425,672727;2.10;0;R$ 544,64;-748,4545454;6;1585;1586;1587
teste codigo 530;Nome produto 530;Fita PP;29090,57576;3432,145455;3.12;0;R$ 545,67;-749,9090909;6;1588;1589;1590
teste codigo 531;Nome produto 531;Fita PP;29145,69697;3438,618182;2.128;0;R$ 546,70;-751,3636363;6;1591;1592;1593
teste codigo 532;Nome produto 532;Fita PP;29200,81818;3445,090909;2.140;0;R$ 547,73;-752,8181818;6;1594;1595;1596
teste codigo 533;Nome produto 533;Fita PP;29255,93939;3451,563636;4.14;0;R$ 548,76;-754,2727273;6;1597;1598;1599
teste codigo 534;Nome produto 534;Fita PP;29311,06061;3458,036364;57.12;0;R$ 549,79;-755,7272727;6;1600;1601;1602
teste codigo 535;Nome produto 535;Fita PP;29366,18182;3464,509091;7.8;0;R$ 550,82;-757,1818182;6;1603;1604;1605
teste codigo 536;Nome produto 536;small;29421,30303;3470,981818;0;0;R$ 551,85;-758,6363636;6;1606;1607;1608
teste codigo 537;Nome produto 537;small;29476,42424;3477,454545;0;0;R$ 552,89;-760,0909091;6;1609;1610;1611
teste codigo 538;Nome produto 538;Fita PP;29531,54545;3483,927273;4.15;0;R$ 553,92;-761,5454545;6;1612;1613;1614
teste codigo 539;Nome produto 539;Fita PP;29586,66667;3490,4;2.11;0;R$ 554,95;-763;6;1615;1616;1617
teste codigo 540;Nome produto 540;Fita PP;29641,78788;3496,872727;3.13;0;R$ 555,98;-764,4545454;6;1618;1619;1620
teste codigo 541;Nome produto 541;Fita PP;29696,90909;3503,345455;2.152;0;R$ 557,01;-765,9090909;6;1621;1622;1623
teste codigo 542;Nome produto 542;Fita PP;29752,0303;3509,818182;2.164;0;R$ 558,04;-767,3636363;6;1624;1625;1626
teste codigo 543;Nome produto 543;Fita PP;29807,15152;3516,290909;4.15;0;R$ 559,07;-768,8181818;6;1627;1628;1629
teste codigo 544;Nome produto 544;Fita PP;29862,27273;3522,763636;57.13;0;R$ 560,11;-770,2727273;6;1630;1631;1632
teste codigo 545;Nome produto 545;Fita PP;29917,39394;3529,236364;7.9;0;R$ 561,14;-771,7272727;6;1633;1634;1635
teste codigo 546;Nome produto 546;small;29972,51515;3535,709091;0;0;R$ 562,17;-773,1818182;6;1636;1637;1638
teste codigo 547;Nome produto 547;small;30027,63636;3542,181818;0;0;R$ 563,20;-774,6363636;6;1639;1640;1641
teste codigo 548;Nome produto 548;Fita PP;30082,75758;3548,654545;4.16;0;R$ 564,23;-776,0909091;6;1642;1643;1644
teste codigo 549;Nome produto 549;Fita PP;30137,87879;3555,127273;2.12;0;R$ 565,26;-777,5454545;6;1645;1646;1647
teste codigo 550;Nome produto 550;Fita PP;30193;3561,6;3.14;0;R$ 566,29;-779;6;1648;1649;1650
teste codigo 551;Nome produto 551;Fita PP;30248,12121;3568,072727;2.176;0;R$ 567,32;-780,4545454;6;1651;1652;1653
teste codigo 552;Nome produto 552;Fita PP;30303,24242;3574,545455;2.188;0;R$ 568,36;-781,9090909;6;1654;1655;1656
teste codigo 553;Nome produto 553;Fita PP;30358,36364;3581,018182;4.16;0;R$ 569,39;-783,3636363;6;1657;1658;1659
teste codigo 554;Nome produto 554;Fita PP;30413,48485;3587,490909;57.14;0;R$ 570,42;-784,8181818;6;1660;1661;1662
teste codigo 555;Nome produto 555;Fita PP;30468,60606;3593,963636;7.10;0;R$ 571,45;-786,2727273;6;1663;1664;1665
teste codigo 556;Nome produto 556;small;30523,72727;3600,436364;0;0;R$ 572,48;-787,7272727;6;1666;1667;1668
teste codigo 557;Nome produto 557;small;30578,84848;3606,909091;0;0;R$ 573,51;-789,1818182;6;1669;1670;1671
teste codigo 558;Nome produto 558;Fita PP;30633,9697;3613,381818;4.15;0;R$ 574,54;-790,6363636;6;1672;1673;1674
teste codigo 559;Nome produto 559;Fita PP;30689,09091;3619,854545;2.11;0;R$ 575,58;-792,0909091;6;1675;1676;1677
teste codigo 560;Nome produto 560;Fita PP;30744,21212;3626,327273;3.13;0;R$ 576,61;-793,5454545;6;1678;1679;1680
teste codigo 561;Nome produto 561;Fita PP;30799,33333;3632,8;2.152;0;R$ 577,64;-795;6;1681;1682;1683
teste codigo 562;Nome produto 562;Fita PP;30854,45455;3639,272727;2.164;0;R$ 578,67;-796,4545454;6;1684;1685;1686
teste codigo 563;Nome produto 563;Fita PP;30909,57576;3645,745455;4.15;0;R$ 579,70;-797,9090909;6;1687;1688;1689
teste codigo 564;Nome produto 564;Fita PP;30964,69697;3652,218182;57.13;0;R$ 580,73;-799,3636363;6;1690;1691;1692
teste codigo 565;Nome produto 565;Fita PP;31019,81818;3658,690909;7.9;0;R$ 581,76;-800,8181818;6;1693;1694;1695
teste codigo 566;Nome produto 566;small;31074,93939;3665,163636;0;0;R$ 582,80;-802,2727273;6;1696;1697;1698
teste codigo 567;Nome produto 567;small;31130,06061;3671,636364;0;0;R$ 583,83;-803,7272727;6;1699;1700;1701
teste codigo 568;Nome produto 568;Fita PP;31185,18182;3678,109091;4.16;0;R$ 584,86;-805,1818182;6;1702;1703;1704
teste codigo 569;Nome produto 569;Fita PP;31240,30303;3684,581818;2.12;0;R$ 585,89;-806,6363636;6;1705;1706;1707
teste codigo 570;Nome produto 570;Fita PP;31295,42424;3691,054545;3.14;0;R$ 586,92;-808,0909091;6;1708;1709;1710
teste codigo 571;Nome produto 571;Fita PP;31350,54545;3697,527273;2.176;0;R$ 587,95;-809,5454545;6;1711;1712;1713
teste codigo 572;Nome produto 572;Fita PP;31405,66667;3704;2.188;0;R$ 588,98;-811;6;1714;1715;1716
teste codigo 573;Nome produto 573;Fita PP;31460,78788;3710,472727;4.16;0;R$ 590,01;-812,4545454;6;1717;1718;1719
teste codigo 574;Nome produto 574;Fita PP;31515,90909;3716,945455;57.14;0;R$ 591,05;-813,9090909;6;1720;1721;1722
teste codigo 575;Nome produto 575;Fita PP;31571,0303;3723,418182;7.10;0;R$ 592,08;-815,3636363;6;1723;1724;1725
teste codigo 576;Nome produto 576;small;31626,15152;3729,890909;0;0;R$ 593,11;-816,8181818;6;1726;1727;1728
teste codigo 577;Nome produto 577;small;31681,27273;3736,363636;0;0;R$ 594,14;-818,2727273;6;1729;1730;1731
teste codigo 578;Nome produto 578;Fita PP;31736,39394;3742,836364;4.17;0;R$ 595,17;-819,7272727;6;1732;1733;1734
teste codigo 579;Nome produto 579;Fita PP;31791,51515;3749,309091;2.13;0;R$ 596,20;-821,1818182;6;1735;1736;1737
teste codigo 580;Nome produto 580;Fita PP;31846,63636;3755,781818;3.15;0;R$ 597,23;-822,6363636;6;1738;1739;1740
teste codigo 581;Nome produto 581;Fita PP;31901,75758;3762,254545;2.200;0;R$ 598,27;-824,0909091;6;1741;1742;1743
teste codigo 582;Nome produto 582;Fita PP;31956,87879;3768,727273;2.212;0;R$ 599,30;-825,5454545;6;1744;1745;1746
teste codigo 583;Nome produto 583;Fita PP;32012;3775,2;4.17;0;R$ 600,33;-827;6;1747;1748;1749
teste codigo 584;Nome produto 584;Fita PP;32067,12121;3781,672727;57.15;0;R$ 601,36;-828,4545454;6;1750;1751;1752
teste codigo 585;Nome produto 585;Fita PP;32122,24242;3788,145455;7.11;0;R$ 602,39;-829,9090909;6;1753;1754;1755
teste codigo 586;Nome produto 586;small;32177,36364;3794,618182;0;0;R$ 603,42;-831,3636363;6;1756;1757;1758
teste codigo 587;Nome produto 587;small;32232,48485;3801,090909;0;0;R$ 604,45;-832,8181818;6;1759;1760;1761
teste codigo 588;Nome produto 588;Fita PP;32287,60606;3807,563636;4.16;0;R$ 605,48;-834,2727273;6;1762;1763;1764
teste codigo 589;Nome produto 589;Fita PP;32342,72727;3814,036364;2.12;0;R$ 606,52;-835,7272727;6;1765;1766;1767
teste codigo 590;Nome produto 590;Fita PP;32397,84848;3820,509091;3.14;0;R$ 607,55;-837,1818182;6;1768;1769;1770
teste codigo 591;Nome produto 591;Fita PP;32452,9697;3826,981818;2.176;0;R$ 608,58;-838,6363636;6;1771;1772;1773
teste codigo 592;Nome produto 592;Fita PP;32508,09091;3833,454545;2.188;0;R$ 609,61;-840,0909091;6;1774;1775;1776
teste codigo 593;Nome produto 593;Fita PP;32563,21212;3839,927273;4.16;0;R$ 610,64;-841,5454545;6;1777;1778;1779
teste codigo 594;Nome produto 594;Fita PP;32618,33333;3846,4;57.14;0;R$ 611,67;-843;6;1780;1781;1782
teste codigo 595;Nome produto 595;small;32673,45455;3852,872727;0;0;R$ 612,70;-844,4545454;6;1783;1784;1785
teste codigo 596;Nome produto 596;small;32728,57576;3859,345455;0;0;R$ 613,74;-845,9090909;6;1786;1787;1788
teste codigo 597;Nome produto 597;Fita PP;32783,69697;3865,818182;4.14;0;R$ 614,77;-847,3636363;6;1789;1790;1791
teste codigo 598;Nome produto 598;Fita PP;32838,81818;3872,290909;2.10;0;R$ 615,80;-848,8181818;6;1792;1793;1794
teste codigo 599;Nome produto 599;Fita PP;32893,93939;3878,763636;3.12;0;R$ 616,83;-850,2727273;6;1795;1796;1797
teste codigo 600;Nome produto 600;Fita PP;32949,06061;3885,236364;2.128;0;R$ 617,86;-851,7272727;6;1798;1799;1800
teste codigo 601;Nome produto 601;Fita PP;33004,18182;3891,709091;2.140;0;R$ 618,89;-853,1818182;6;1801;1802;1803
teste codigo 602;Nome produto 602;Fita PP;33059,30303;3898,181818;4.14;0;R$ 619,92;-854,6363636;6;1804;1805;1806
teste codigo 603;Nome produto 603;Fita PP;33114,42424;3904,654545;57.12;0;R$ 620,95;-856,0909091;6;1807;1808;1809
teste codigo 604;Nome produto 604;Fita PP;33169,54545;3911,127273;7.8;0;R$ 621,99;-857,5454545;6;1810;1811;1812
teste codigo 605;Nome produto 605;small;33224,66667;3917,6;0;0;R$ 623,02;-859;6;1813;1814;1815
teste codigo 606;Nome produto 606;small;33279,78788;3924,072727;0;0;R$ 624,05;-860,4545454;6;1816;1817;1818
teste codigo 607;Nome produto 607;Fita PP;33334,90909;3930,545455;4.15;0;R$ 625,08;-861,9090909;6;1819;1820;1821
teste codigo 608;Nome produto 608;Fita PP;33390,0303;3937,018182;2.11;0;R$ 626,11;-863,3636363;6;1822;1823;1824
teste codigo 609;Nome produto 609;Fita PP;33445,15152;3943,490909;3.13;0;R$ 627,14;-864,8181818;6;1825;1826;1827
teste codigo 610;Nome produto 610;Fita PP;33500,27273;3949,963636;2.152;0;R$ 628,17;-866,2727273;6;1828;1829;1830
teste codigo 611;Nome produto 611;Fita PP;33555,39394;3956,436364;2.164;0;R$ 629,21;-867,7272727;6;1831;1832;1833
teste codigo 612;Nome produto 612;Fita PP;33610,51515;3962,909091;4.15;0;R$ 630,24;-869,1818182;6;1834;1835;1836
teste codigo 613;Nome produto 613;Fita PP;33665,63636;3969,381818;57.13;0;R$ 631,27;-870,6363636;6;1837;1838;1839
teste codigo 614;Nome produto 614;Fita PP;33720,75758;3975,854545;7.9;0;R$ 632,30;-872,0909091;6;1840;1841;1842
teste codigo 615;Nome produto 615;small;33775,87879;3982,327273;0;0;R$ 633,33;-873,5454545;6;1843;1844;1845
teste codigo 616;Nome produto 616;small;33831;3988,8;0;0;R$ 634,36;-875;6;1846;1847;1848
teste codigo 617;Nome produto 617;Fita PP;33886,12121;3995,272727;4.16;0;R$ 635,39;-876,4545454;6;1849;1850;1851
teste codigo 618;Nome produto 618;Fita PP;33941,24242;4001,745455;2.12;0;R$ 636,42;-877,9090909;6;1852;1853;1854
teste codigo 619;Nome produto 619;Fita PP;33996,36364;4008,218182;3.14;0;R$ 637,46;-879,3636363;6;1855;1856;1857
teste codigo 620;Nome produto 620;Fita PP;34051,48485;4014,690909;2.176;0;R$ 638,49;-880,8181818;6;1858;1859;1860
teste codigo 621;Nome produto 621;Fita PP;34106,60606;4021,163636;2.188;0;R$ 639,52;-882,2727273;6;1861;1862;1863
teste codigo 622;Nome produto 622;Fita PP;34161,72727;4027,636364;4.16;0;R$ 640,55;-883,7272727;6;1864;1865;1866
teste codigo 623;Nome produto 623;Fita PP;34216,84848;4034,109091;57.14;0;R$ 641,58;-885,1818182;6;1867;1868;1869
teste codigo 624;Nome produto 624;Fita PP;34271,9697;4040,581818;7.10;0;R$ 642,61;-886,6363636;6;1870;1871;1872
teste codigo 625;Nome produto 625;small;34327,09091;4047,054545;0;0;R$ 643,64;-888,0909091;6;1873;1874;1875
teste codigo 626;Nome produto 626;small;34382,21212;4053,527273;0;0;R$ 644,68;-889,5454545;6;1876;1877;1878
teste codigo 627;Nome produto 627;Fita PP;34437,33333;4060;4.15;0;R$ 645,71;-891;6;1879;1880;1881
teste codigo 628;Nome produto 628;Fita PP;34492,45455;4066,472727;2.11;0;R$ 646,74;-892,4545454;6;1882;1883;1884
teste codigo 629;Nome produto 629;Fita PP;34547,57576;4072,945455;3.13;0;R$ 647,77;-893,9090909;6;1885;1886;1887
teste codigo 630;Nome produto 630;Fita PP;34602,69697;4079,418182;2.152;0;R$ 648,80;-895,3636363;6;1888;1889;1890
teste codigo 631;Nome produto 631;Fita PP;34657,81818;4085,890909;2.164;0;R$ 649,83;-896,8181818;6;1891;1892;1893
teste codigo 632;Nome produto 632;Fita PP;34712,93939;4092,363636;4.15;0;R$ 650,86;-898,2727273;6;1894;1895;1896
teste codigo 633;Nome produto 633;Fita PP;34768,06061;4098,836364;57.13;0;R$ 651,89;-899,7272727;6;1897;1898;1899
teste codigo 634;Nome produto 634;Fita PP;34823,18182;4105,309091;7.9;0;R$ 652,93;-901,1818182;6;1900;1901;1902
teste codigo 635;Nome produto 635;small;34878,30303;4111,781818;0;0;R$ 653,96;-902,6363636;6;1903;1904;1905
teste codigo 636;Nome produto 636;small;34933,42424;4118,254545;0;0;R$ 654,99;-904,0909091;6;1906;1907;1908
teste codigo 637;Nome produto 637;Fita PP;34988,54545;4124,727273;4.16;0;R$ 656,02;-905,5454545;6;1909;1910;1911
teste codigo 638;Nome produto 638;Fita PP;35043,66667;4131,2;2.12;0;R$ 657,05;-907;6;1912;1913;1914
teste codigo 639;Nome produto 639;Fita PP;35098,78788;4137,672727;3.14;0;R$ 658,08;-908,4545454;6;1915;1916;1917
teste codigo 640;Nome produto 640;Fita PP;35153,90909;4144,145455;2.176;0;R$ 659,11;-909,9090909;6;1918;1919;1920
teste codigo 641;Nome produto 641;Fita PP;35209,0303;4150,618182;2.188;0;R$ 660,15;-911,3636363;6;1921;1922;1923
teste codigo 642;Nome produto 642;Fita PP;35264,15152;4157,090909;4.16;0;R$ 661,18;-912,8181818;6;1924;1925;1926
teste codigo 643;Nome produto 643;Fita PP;35319,27273;4163,563636;57.14;0;R$ 662,21;-914,2727273;6;1927;1928;1929
teste codigo 644;Nome produto 644;Fita PP;35374,39394;4170,036364;7.10;0;R$ 663,24;-915,7272727;6;1930;1931;1932
teste codigo 645;Nome produto 645;small;35429,51515;4176,509091;0;0;R$ 664,27;-917,1818182;6;1933;1934;1935
teste codigo 646;Nome produto 646;small;35484,63636;4182,981818;0;0;R$ 665,30;-918,6363636;6;1936;1937;1938
teste codigo 647;Nome produto 647;Fita PP;35539,75758;4189,454545;4.17;0;R$ 666,33;-920,0909091;6;1939;1940;1941
teste codigo 648;Nome produto 648;Fita PP;35594,87879;4195,927273;2.13;0;R$ 667,36;-921,5454545;6;1942;1943;1944
teste codigo 649;Nome produto 649;Fita PP;35650;4202,4;3.15;0;R$ 668,40;-923;6;1945;1946;1947
teste codigo 650;Nome produto 650;Fita PP;35705,12121;4208,872727;2.200;0;R$ 669,43;-924,4545454;6;1948;1949;1950
teste codigo 651;Nome produto 651;Fita PP;35760,24242;4215,345455;2.212;0;R$ 670,46;-925,9090909;6;1951;1952;1953
teste codigo 652;Nome produto 652;Fita PP;35815,36364;4221,818182;4.17;0;R$ 671,49;-927,3636363;6;1954;1955;1956
teste codigo 653;Nome produto 653;Fita PP;35870,48485;4228,290909;57.15;0;R$ 672,52;-928,8181818;6;1957;1958;1959
teste codigo 654;Nome produto 654;Fita PP;35925,60606;4234,763636;7.11;0;R$ 673,55;-930,2727273;6;1960;1961;1962
teste codigo 655;Nome produto 655;small;35980,72727;4241,236364;0;0;R$ 674,58;-931,7272727;6;1963;1964;1965
teste codigo 656;Nome produto 656;small;36035,84848;4247,709091;0;0;R$ 675,62;-933,1818182;6;1966;1967;1968
teste codigo 657;Nome produto 657;Fita PP;36090,9697;4254,181818;4.16;0;R$ 676,65;-934,6363636;6;1969;1970;1971
teste codigo 658;Nome produto 658;Fita PP;36146,09091;4260,654545;2.12;0;R$ 677,68;-936,0909091;6;1972;1973;1974
teste codigo 659;Nome produto 659;Fita PP;36201,21212;4267,127273;3.14;0;R$ 678,71;-937,5454545;6;1975;1976;1977
teste codigo 660;Nome produto 660;Fita PP;36256,33333;4273,6;2.176;0;R$ 679,74;-939;6;1978;1979;1980
teste codigo 661;Nome produto 661;Fita PP;36311,45455;4280,072727;2.188;0;R$ 680,77;-940,4545454;6;1981;1982;1983
teste codigo 662;Nome produto 662;Fita PP;36366,57576;4286,545455;4.16;0;R$ 681,80;-941,9090909;6;1984;1985;1986
teste codigo 663;Nome produto 663;Fita PP;36421,69697;4293,018182;57.14;0;R$ 682,83;-943,3636363;6;1987;1988;1989
teste codigo 664;Nome produto 664;Fita PP;36476,81818;4299,490909;7.10;0;R$ 683,87;-944,8181818;6;1990;1991;1992
teste codigo 665;Nome produto 665;small;36531,93939;4305,963636;0;0;R$ 684,90;-946,2727273;6;1993;1994;1995
teste codigo 666;Nome produto 666;small;36587,06061;4312,436364;0;0;R$ 685,93;-947,7272727;6;1996;1997;1998
teste codigo 667;Nome produto 667;Fita PP;36642,18182;4318,909091;4.17;0;R$ 686,96;-949,1818182;6;1999;2000;2001
teste codigo 668;Nome produto 668;Fita PP;36697,30303;4325,381818;2.13;0;R$ 687,99;-950,6363636;6;2002;2003;2004
teste codigo 669;Nome produto 669;Fita PP;36752,42424;4331,854545;3.15;0;R$ 689,02;-952,0909091;6;2005;2006;2007
teste codigo 670;Nome produto 670;Fita PP;36807,54545;4338,327273;2.200;0;R$ 690,05;-953,5454545;6;2008;2009;2010
teste codigo 671;Nome produto 671;Fita PP;36862,66667;4344,8;2.212;0;R$ 691,09;-955;6;2011;2012;2013
teste codigo 672;Nome produto 672;Fita PP;36917,78788;4351,272727;4.17;0;R$ 692,12;-956,4545454;6;2014;2015;2016
teste codigo 673;Nome produto 673;Fita PP;36972,90909;4357,745455;57.15;0;R$ 693,15;-957,9090909;6;2017;2018;2019
teste codigo 674;Nome produto 674;Fita PP;37028,0303;4364,218182;7.11;0;R$ 694,18;-959,3636363;6;2020;2021;2022
teste codigo 675;Nome produto 675;small;37083,15152;4370,690909;0;0;R$ 695,21;-960,8181818;6;2023;2024;2025
teste codigo 676;Nome produto 676;small;37138,27273;4377,163636;0;0;R$ 696,24;-962,2727273;6;2026;2027;2028
teste codigo 677;Nome produto 677;Fita PP;37193,39394;4383,636364;4.18;0;R$ 697,27;-963,7272727;6;2029;2030;2031
teste codigo 678;Nome produto 678;Fita PP;37248,51515;4390,109091;2.14;0;R$ 698,30;-965,1818182;6;2032;2033;2034
teste codigo 679;Nome produto 679;Fita PP;37303,63636;4396,581818;3.16;0;R$ 699,34;-966,6363636;6;2035;2036;2037
teste codigo 680;Nome produto 680;Fita PP;37358,75758;4403,054545;2.224;0;R$ 700,37;-968,0909091;6;2038;2039;2040
teste codigo 681;Nome produto 681;Fita PP;37413,87879;4409,527273;2.236;0;R$ 701,40;-969,5454545;6;2041;2042;2043
teste codigo 682;Nome produto 682;Fita PP;37469;4416;4.18;0;R$ 702,43;-971;6;2044;2045;2046
teste codigo 683;Nome produto 683;Fita PP;37524,12121;4422,472727;57.16;0;R$ 703,46;-972,4545454;6;2047;2048;2049
teste codigo 684;Nome produto 684;Fita PP;37579,24242;4428,945455;7.12;0;R$ 704,49;-973,9090909;6;2050;2051;2052
teste codigo 685;Nome produto 685;small;37634,36364;4435,418182;0;0;R$ 705,52;-975,3636363;6;2053;2054;2055
teste codigo 686;Nome produto 686;small;37689,48485;4441,890909;0;0;R$ 706,56;-976,8181818;6;2056;2057;2058
teste codigo 687;Nome produto 687;Fita PP;37744,60606;4448,363636;4.17;0;R$ 707,59;-978,2727273;6;2059;2060;2061
teste codigo 688;Nome produto 688;Fita PP;37799,72727;4454,836364;2.13;0;R$ 708,62;-979,7272727;6;2062;2063;2064
teste codigo 689;Nome produto 689;Fita PP;37854,84848;4461,309091;3.15;0;R$ 709,65;-981,1818182;6;2065;2066;2067
teste codigo 690;Nome produto 690;Fita PP;37909,9697;4467,781818;2.200;0;R$ 710,68;-982,6363636;6;2068;2069;2070
teste codigo 691;Nome produto 691;Fita PP;37965,09091;4474,254545;2.212;0;R$ 711,71;-984,0909091;6;2071;2072;2073
teste codigo 692;Nome produto 692;Fita PP;38020,21212;4480,727273;4.17;0;R$ 712,74;-985,5454545;6;2074;2075;2076
teste codigo 693;Nome produto 693;Fita PP;38075,33333;4487,2;57.15;0;R$ 713,77;-987;6;2077;2078;2079
teste codigo 694;Nome produto 694;small;38130,45455;4493,672727;0;0;R$ 714,81;-988,4545454;6;2080;2081;2082
teste codigo 695;Nome produto 695;small;38185,57576;4500,145455;0;0;R$ 715,84;-989,9090909;6;2083;2084;2085
teste codigo 696;Nome produto 696;Fita PP;38240,69697;4506,618182;4.15;0;R$ 716,87;-991,3636363;6;2086;2087;2088
teste codigo 697;Nome produto 697;Fita PP;38295,81818;4513,090909;2.11;0;R$ 717,90;-992,8181818;6;2089;2090;2091
teste codigo 698;Nome produto 698;Fita PP;38350,93939;4519,563636;3.13;0;R$ 718,93;-994,2727273;6;2092;2093;2094
teste codigo 699;Nome produto 699;Fita PP;38406,06061;4526,036364;2.152;0;R$ 719,96;-995,7272727;6;2095;2096;2097
teste codigo 700;Nome produto 700;Fita PP;38461,18182;4532,509091;2.164;0;R$ 720,99;-997,1818182;6;2098;2099;2100
teste codigo 701;Nome produto 701;Fita PP;38516,30303;4538,981818;4.15;0;R$ 722,03;-998,6363636;6;2101;2102;2103
teste codigo 702;Nome produto 702;Fita PP;38571,42424;4545,454545;57.13;0;R$ 723,06;-1000,090909;6;2104;2105;2106
teste codigo 703;Nome produto 703;Fita PP;38626,54545;4551,927273;7.9;0;R$ 724,09;-1001,545455;6;2107;2108;2109
teste codigo 704;Nome produto 704;small;38681,66667;4558,4;0;0;R$ 725,12;-1003;6;2110;2111;2112
teste codigo 705;Nome produto 705;small;38736,78788;4564,872727;0;0;R$ 726,15;-1004,454545;6;2113;2114;2115
teste codigo 706;Nome produto 706;Fita PP;38791,90909;4571,345455;4.16;0;R$ 727,18;-1005,909091;6;2116;2117;2118
teste codigo 707;Nome produto 707;Fita PP;38847,0303;4577,818182;2.12;0;R$ 728,21;-1007,363636;6;2119;2120;2121
teste codigo 708;Nome produto 708;Fita PP;38902,15152;4584,290909;3.14;0;R$ 729,24;-1008,818182;6;2122;2123;2124
teste codigo 709;Nome produto 709;Fita PP;38957,27273;4590,763636;2.176;0;R$ 730,28;-1010,272727;6;2125;2126;2127
teste codigo 710;Nome produto 710;Fita PP;39012,39394;4597,236364;2.188;0;R$ 731,31;-1011,727273;6;2128;2129;2130
teste codigo 711;Nome produto 711;Fita PP;39067,51515;4603,709091;4.16;0;R$ 732,34;-1013,181818;6;2131;2132;2133
teste codigo 712;Nome produto 712;Fita PP;39122,63636;4610,181818;57.14;0;R$ 733,37;-1014,636364;6;2134;2135;2136
teste codigo 713;Nome produto 713;Fita PP;39177,75758;4616,654545;7.10;0;R$ 734,40;-1016,090909;6;2137;2138;2139
teste codigo 714;Nome produto 714;small;39232,87879;4623,127273;0;0;R$ 735,43;-1017,545455;6;2140;2141;2142
teste codigo 715;Nome produto 715;small;39288;4629,6;0;0;R$ 736,46;-1019;6;2143;2144;2145
teste codigo 716;Nome produto 716;Fita PP;39343,12121;4636,072727;4.17;0;R$ 737,50;-1020,454545;6;2146;2147;2148
teste codigo 717;Nome produto 717;Fita PP;39398,24242;4642,545455;2.13;0;R$ 738,53;-1021,909091;6;2149;2150;2151
teste codigo 718;Nome produto 718;Fita PP;39453,36364;4649,018182;3.15;0;R$ 739,56;-1023,363636;6;2152;2153;2154
teste codigo 719;Nome produto 719;Fita PP;39508,48485;4655,490909;2.200;0;R$ 740,59;-1024,818182;6;2155;2156;2157
teste codigo 720;Nome produto 720;Fita PP;39563,60606;4661,963636;2.212;0;R$ 741,62;-1026,272727;6;2158;2159;2160
teste codigo 721;Nome produto 721;Fita PP;39618,72727;4668,436364;4.17;0;R$ 742,65;-1027,727273;6;2161;2162;2163
teste codigo 722;Nome produto 722;Fita PP;39673,84848;4674,909091;57.15;0;R$ 743,68;-1029,181818;6;2164;2165;2166
teste codigo 723;Nome produto 723;Fita PP;39728,9697;4681,381818;7.11;0;R$ 744,71;-1030,636364;6;2167;2168;2169
teste codigo 724;Nome produto 724;small;39784,09091;4687,854545;0;0;R$ 745,75;-1032,090909;6;2170;2171;2172
teste codigo 725;Nome produto 725;small;39839,21212;4694,327273;0;0;R$ 746,78;-1033,545455;6;2173;2174;2175
teste codigo 726;Nome produto 726;Fita PP;39894,33333;4700,8;4.16;0;R$ 747,81;-1035;6;2176;2177;2178
teste codigo 727;Nome produto 727;Fita PP;39949,45455;4707,272727;2.12;0;R$ 748,84;-1036,454545;6;2179;2180;2181
teste codigo 728;Nome produto 728;Fita PP;40004,57576;4713,745455;3.14;0;R$ 749,87;-1037,909091;6;2182;2183;2184
teste codigo 729;Nome produto 729;Fita PP;40059,69697;4720,218182;2.176;0;R$ 750,90;-1039,363636;6;2185;2186;2187
teste codigo 730;Nome produto 730;Fita PP;40114,81818;4726,690909;2.188;0;R$ 751,93;-1040,818182;6;2188;2189;2190
teste codigo 731;Nome produto 731;Fita PP;40169,93939;4733,163636;4.16;0;R$ 752,97;-1042,272727;6;2191;2192;2193
teste codigo 732;Nome produto 732;Fita PP;40225,06061;4739,636364;57.14;0;R$ 754,00;-1043,727273;6;2194;2195;2196
teste codigo 733;Nome produto 733;Fita PP;40280,18182;4746,109091;7.10;0;R$ 755,03;-1045,181818;6;2197;2198;2199
teste codigo 734;Nome produto 734;small;40335,30303;4752,581818;0;0;R$ 756,06;-1046,636364;6;2200;2201;2202
teste codigo 735;Nome produto 735;small;40390,42424;4759,054545;0;0;R$ 757,09;-1048,090909;6;2203;2204;2205
teste codigo 736;Nome produto 736;Fita PP;40445,54545;4765,527273;4.17;0;R$ 758,12;-1049,545455;6;2206;2207;2208
teste codigo 737;Nome produto 737;Fita PP;40500,66667;4772;2.13;0;R$ 759,15;-1051;6;2209;2210;2211
teste codigo 738;Nome produto 738;Fita PP;40555,78788;4778,472727;3.15;0;R$ 760,18;-1052,454545;6;2212;2213;2214
teste codigo 739;Nome produto 739;Fita PP;40610,90909;4784,945455;2.200;0;R$ 761,22;-1053,909091;6;2215;2216;2217
teste codigo 740;Nome produto 740;Fita PP;40666,0303;4791,418182;2.212;0;R$ 762,25;-1055,363636;6;2218;2219;2220
teste codigo 741;Nome produto 741;Fita PP;40721,15152;4797,890909;4.17;0;R$ 763,28;-1056,818182;6;2221;2222;2223
teste codigo 742;Nome produto 742;Fita PP;40776,27273;4804,363636;57.15;0;R$ 764,31;-1058,272727;6;2224;2225;2226
teste codigo 743;Nome produto 743;Fita PP;40831,39394;4810,836364;7.11;0;R$ 765,34;-1059,727273;6;2227;2228;2229
teste codigo 744;Nome produto 744;small;40886,51515;4817,309091;0;0;R$ 766,37;-1061,181818;6;2230;2231;2232
teste codigo 745;Nome produto 745;small;40941,63636;4823,781818;0;0;R$ 767,40;-1062,636364;6;2233;2234;2235
teste codigo 746;Nome produto 746;Fita PP;40996,75758;4830,254545;4.18;0;R$ 768,44;-1064,090909;6;2236;2237;2238
teste codigo 747;Nome produto 747;Fita PP;41051,87879;4836,727273;2.14;0;R$ 769,47;-1065,545455;6;2239;2240;2241
teste codigo 748;Nome produto 748;Fita PP;41107;4843,2;3.16;0;R$ 770,50;-1067;6;2242;2243;2244
teste codigo 749;Nome produto 749;Fita PP;41162,12121;4849,672727;2.224;0;R$ 771,53;-1068,454545;6;2245;2246;2247
teste codigo 750;Nome produto 750;Fita PP;41217,24242;4856,145455;2.236;0;R$ 772,56;-1069,909091;6;2248;2249;2250
teste codigo 751;Nome produto 751;Fita PP;41272,36364;4862,618182;4.18;0;R$ 773,59;-1071,363636;6;2251;2252;2253
teste codigo 752;Nome produto 752;Fita PP;41327,48485;4869,090909;57.16;0;R$ 774,62;-1072,818182;6;2254;2255;2256
teste codigo 753;Nome produto 753;Fita PP;41382,60606;4875,563636;7.12;0;R$ 775,65;-1074,272727;6;2257;2258;2259
teste codigo 754;Nome produto 754;small;41437,72727;4882,036364;0;0;R$ 776,69;-1075,727273;6;2260;2261;2262
teste codigo 755;Nome produto 755;small;41492,84848;4888,509091;0;0;R$ 777,72;-1077,181818;6;2263;2264;2265
teste codigo 756;Nome produto 756;Fita PP;41547,9697;4894,981818;4.17;0;R$ 778,75;-1078,636364;6;2266;2267;2268
teste codigo 757;Nome produto 757;Fita PP;41603,09091;4901,454545;2.13;0;R$ 779,78;-1080,090909;6;2269;2270;2271
teste codigo 758;Nome produto 758;Fita PP;41658,21212;4907,927273;3.15;0;R$ 780,81;-1081,545455;6;2272;2273;2274
teste codigo 759;Nome produto 759;Fita PP;41713,33333;4914,4;2.200;0;R$ 781,84;-1083;6;2275;2276;2277
teste codigo 760;Nome produto 760;Fita PP;41768,45455;4920,872727;2.212;0;R$ 782,87;-1084,454545;6;2278;2279;2280
teste codigo 761;Nome produto 761;Fita PP;41823,57576;4927,345455;4.17;0;R$ 783,91;-1085,909091;6;2281;2282;2283
teste codigo 762;Nome produto 762;Fita PP;41878,69697;4933,818182;57.15;0;R$ 784,94;-1087,363636;6;2284;2285;2286
teste codigo 763;Nome produto 763;Fita PP;41933,81818;4940,290909;7.11;0;R$ 785,97;-1088,818182;6;2287;2288;2289
teste codigo 764;Nome produto 764;small;41988,93939;4946,763636;0;0;R$ 787,00;-1090,272727;6;2290;2291;2292
teste codigo 765;Nome produto 765;small;42044,06061;4953,236364;0;0;R$ 788,03;-1091,727273;6;2293;2294;2295
teste codigo 766;Nome produto 766;Fita PP;42099,18182;4959,709091;4.18;0;R$ 789,06;-1093,181818;6;2296;2297;2298
teste codigo 767;Nome produto 767;Fita PP;42154,30303;4966,181818;2.14;0;R$ 790,09;-1094,636364;6;2299;2300;2301
teste codigo 768;Nome produto 768;Fita PP;42209,42424;4972,654545;3.16;0;R$ 791,12;-1096,090909;6;2302;2303;2304
teste codigo 769;Nome produto 769;Fita PP;42264,54545;4979,127273;2.224;0;R$ 792,16;-1097,545455;6;2305;2306;2307
teste codigo 770;Nome produto 770;Fita PP;42319,66667;4985,6;2.236;0;R$ 793,19;-1099;6;2308;2309;2310
teste codigo 771;Nome produto 771;Fita PP;42374,78788;4992,072727;4.18;0;R$ 794,22;-1100,454545;6;2311;2312;2313
teste codigo 772;Nome produto 772;Fita PP;42429,90909;4998,545455;57.16;0;R$ 795,25;-1101,909091;6;2314;2315;2316
teste codigo 773;Nome produto 773;Fita PP;42485,0303;5005,018182;7.12;0;R$ 796,28;-1103,363636;6;2317;2318;2319
teste codigo 774;Nome produto 774;small;42540,15152;5011,490909;0;0;R$ 797,31;-1104,818182;6;2320;2321;2322
teste codigo 775;Nome produto 775;small;42595,27273;5017,963636;0;0;R$ 798,34;-1106,272727;6;2323;2324;2325
teste codigo 776;Nome produto 776;Fita PP;42650,39394;5024,436364;4.19;0;R$ 799,38;-1107,727273;6;2326;2327;2328
teste codigo 777;Nome produto 777;Fita PP;42705,51515;5030,909091;2.15;0;R$ 800,41;-1109,181818;6;2329;2330;2331
teste codigo 778;Nome produto 778;Fita PP;42760,63636;5037,381818;3.17;0;R$ 801,44;-1110,636364;6;2332;2333;2334
teste codigo 779;Nome produto 779;Fita PP;42815,75758;5043,854545;2.248;0;R$ 802,47;-1112,090909;6;2335;2336;2337
teste codigo 780;Nome produto 780;Fita PP;42870,87879;5050,327273;2.260;0;R$ 803,50;-1113,545455;6;2338;2339;2340
teste codigo 781;Nome produto 781;Fita PP;42926;5056,8;4.19;0;R$ 804,53;-1115;6;2341;2342;2343
teste codigo 782;Nome produto 782;Fita PP;42981,12121;5063,272727;57.17;0;R$ 805,56;-1116,454545;6;2344;2345;2346
teste codigo 783;Nome produto 783;Fita PP;43036,24242;5069,745455;7.13;0;R$ 806,60;-1117,909091;6;2347;2348;2349
teste codigo 784;Nome produto 784;small;43091,36364;5076,218182;0;0;R$ 807,63;-1119,363636;6;2350;2351;2352
teste codigo 785;Nome produto 785;small;43146,48485;5082,690909;0;0;R$ 808,66;-1120,818182;6;2353;2354;2355
teste codigo 786;Nome produto 786;Fita PP;43201,60606;5089,163636;4.18;0;R$ 809,69;-1122,272727;6;2356;2357;2358
teste codigo 787;Nome produto 787;Fita PP;43256,72727;5095,636364;2.14;0;R$ 810,72;-1123,727273;6;2359;2360;2361
teste codigo 788;Nome produto 788;Fita PP;43311,84848;5102,109091;3.16;0;R$ 811,75;-1125,181818;6;2362;2363;2364
teste codigo 789;Nome produto 789;Fita PP;43366,9697;5108,581818;2.224;0;R$ 812,78;-1126,636364;6;2365;2366;2367
teste codigo 790;Nome produto 790;Fita PP;43422,09091;5115,054545;2.236;0;R$ 813,81;-1128,090909;6;2368;2369;2370
teste codigo 791;Nome produto 791;Fita PP;43477,21212;5121,527273;4.18;0;R$ 814,85;-1129,545455;6;2371;2372;2373
teste codigo 792;Nome produto 792;Fita PP;43532,33333;5128;57.16;0;R$ 815,88;-1131;6;2374;2375;2376
teste codigo 793;Nome produto 793;small;43587,45455;5134,472727;0;0;R$ 816,91;-1132,454545;6;2377;2378;2379
teste codigo 794;Nome produto 794;small;43642,57576;5140,945455;0;0;R$ 817,94;-1133,909091;6;2380;2381;2382
teste codigo 795;Nome produto 795;Fita PP;43697,69697;5147,418182;4.16;0;R$ 818,97;-1135,363636;6;2383;2384;2385
teste codigo 796;Nome produto 796;Fita PP;43752,81818;5153,890909;2.12;0;R$ 820,00;-1136,818182;6;2386;2387;2388
teste codigo 797;Nome produto 797;Fita PP;43807,93939;5160,363636;3.14;0;R$ 821,03;-1138,272727;6;2389;2390;2391
teste codigo 798;Nome produto 798;Fita PP;43863,06061;5166,836364;2.176;0;R$ 822,07;-1139,727273;6;2392;2393;2394
teste codigo 799;Nome produto 799;Fita PP;43918,18182;5173,309091;2.188;0;R$ 823,10;-1141,181818;6;2395;2396;2397
teste codigo 800;Nome produto 800;Fita PP;43973,30303;5179,781818;4.16;0;R$ 824,13;-1142,636364;6;2398;2399;2400
teste codigo 801;Nome produto 801;Fita PP;44028,42424;5186,254545;57.14;0;R$ 825,16;-1144,090909;6;2401;2402;2403
teste codigo 802;Nome produto 802;Fita PP;44083,54545;5192,727273;7.10;0;R$ 826,19;-1145,545455;6;2404;2405;2406
teste codigo 803;Nome produto 803;small;44138,66667;5199,2;0;0;R$ 827,22;-1147;6;2407;2408;2409
teste codigo 804;Nome produto 804;small;44193,78788;5205,672727;0;0;R$ 828,25;-1148,454545;6;2410;2411;2412
teste codigo 805;Nome produto 805;Fita PP;44248,90909;5212,145455;4.17;0;R$ 829,28;-1149,909091;6;2413;2414;2415
teste codigo 806;Nome produto 806;Fita PP;44304,0303;5218,618182;2.13;0;R$ 830,32;-1151,363636;6;2416;2417;2418
teste codigo 807;Nome produto 807;Fita PP;44359,15152;5225,090909;3.15;0;R$ 831,35;-1152,818182;6;2419;2420;2421
teste codigo 808;Nome produto 808;Fita PP;44414,27273;5231,563636;2.200;0;R$ 832,38;-1154,272727;6;2422;2423;2424
teste codigo 809;Nome produto 809;Fita PP;44469,39394;5238,036364;2.212;0;R$ 833,41;-1155,727273;6;2425;2426;2427
teste codigo 810;Nome produto 810;Fita PP;44524,51515;5244,509091;4.17;0;R$ 834,44;-1157,181818;6;2428;2429;2430
teste codigo 811;Nome produto 811;Fita PP;44579,63636;5250,981818;57.15;0;R$ 835,47;-1158,636364;6;2431;2432;2433
teste codigo 812;Nome produto 812;Fita PP;44634,75758;5257,454545;7.11;0;R$ 836,50;-1160,090909;6;2434;2435;2436
teste codigo 813;Nome produto 813;small;44689,87879;5263,927273;0;0;R$ 837,54;-1161,545455;6;2437;2438;2439
teste codigo 814;Nome produto 814;small;44745;5270,4;0;0;R$ 838,57;-1163;6;2440;2441;2442
teste codigo 815;Nome produto 815;Fita PP;44800,12121;5276,872727;4.18;0;R$ 839,60;-1164,454545;6;2443;2444;2445
teste codigo 816;Nome produto 816;Fita PP;44855,24242;5283,345455;2.14;0;R$ 840,63;-1165,909091;6;2446;2447;2448
teste codigo 817;Nome produto 817;Fita PP;44910,36364;5289,818182;3.16;0;R$ 841,66;-1167,363636;6;2449;2450;2451
teste codigo 818;Nome produto 818;Fita PP;44965,48485;5296,290909;2.224;0;R$ 842,69;-1168,818182;6;2452;2453;2454
teste codigo 819;Nome produto 819;Fita PP;45020,60606;5302,763636;2.236;0;R$ 843,72;-1170,272727;6;2455;2456;2457
teste codigo 820;Nome produto 820;Fita PP;45075,72727;5309,236364;4.18;0;R$ 844,75;-1171,727273;6;2458;2459;2460
teste codigo 821;Nome produto 821;Fita PP;45130,84848;5315,709091;57.16;0;R$ 845,79;-1173,181818;6;2461;2462;2463
teste codigo 822;Nome produto 822;Fita PP;45185,9697;5322,181818;7.12;0;R$ 846,82;-1174,636364;6;2464;2465;2466
teste codigo 823;Nome produto 823;small;45241,09091;5328,654545;0;0;R$ 847,85;-1176,090909;6;2467;2468;2469
teste codigo 824;Nome produto 824;small;45296,21212;5335,127273;0;0;R$ 848,88;-1177,545455;6;2470;2471;2472
teste codigo 825;Nome produto 825;Fita PP;45351,33333;5341,6;4.17;0;R$ 849,91;-1179;6;2473;2474;2475
teste codigo 826;Nome produto 826;Fita PP;45406,45455;5348,072727;2.13;0;R$ 850,94;-1180,454545;6;2476;2477;2478
teste codigo 827;Nome produto 827;Fita PP;45461,57576;5354,545455;3.15;0;R$ 851,97;-1181,909091;6;2479;2480;2481
teste codigo 828;Nome produto 828;Fita PP;45516,69697;5361,018182;2.200;0;R$ 853,01;-1183,363636;6;2482;2483;2484
teste codigo 829;Nome produto 829;Fita PP;45571,81818;5367,490909;2.212;0;R$ 854,04;-1184,818182;6;2485;2486;2487
teste codigo 830;Nome produto 830;Fita PP;45626,93939;5373,963636;4.17;0;R$ 855,07;-1186,272727;6;2488;2489;2490
teste codigo 831;Nome produto 831;Fita PP;45682,06061;5380,436364;57.15;0;R$ 856,10;-1187,727273;6;2491;2492;2493
teste codigo 832;Nome produto 832;Fita PP;45737,18182;5386,909091;7.11;0;R$ 857,13;-1189,181818;6;2494;2495;2496
teste codigo 833;Nome produto 833;small;45792,30303;5393,381818;0;0;R$ 858,16;-1190,636364;6;2497;2498;2499
teste codigo 834;Nome produto 834;small;45847,42424;5399,854545;0;0;R$ 859,19;-1192,090909;6;2500;2501;2502
teste codigo 835;Nome produto 835;Fita PP;45902,54545;5406,327273;4.18;0;R$ 860,22;-1193,545455;6;2503;2504;2505
teste codigo 836;Nome produto 836;Fita PP;45957,66667;5412,8;2.14;0;R$ 861,26;-1195;6;2506;2507;2508
teste codigo 837;Nome produto 837;Fita PP;46012,78788;5419,272727;3.16;0;R$ 862,29;-1196,454545;6;2509;2510;2511
teste codigo 838;Nome produto 838;Fita PP;46067,90909;5425,745455;2.224;0;R$ 863,32;-1197,909091;6;2512;2513;2514
teste codigo 839;Nome produto 839;Fita PP;46123,0303;5432,218182;2.236;0;R$ 864,35;-1199,363636;6;2515;2516;2517
teste codigo 840;Nome produto 840;Fita PP;46178,15152;5438,690909;4.18;0;R$ 865,38;-1200,818182;6;2518;2519;2520
teste codigo 841;Nome produto 841;Fita PP;46233,27273;5445,163636;57.16;0;R$ 866,41;-1202,272727;6;2521;2522;2523
teste codigo 842;Nome produto 842;Fita PP;46288,39394;5451,636364;7.12;0;R$ 867,44;-1203,727273;6;2524;2525;2526
teste codigo 843;Nome produto 843;small;46343,51515;5458,109091;0;0;R$ 868,48;-1205,181818;6;2527;2528;2529
teste codigo 844;Nome produto 844;small;46398,63636;5464,581818;0;0;R$ 869,51;-1206,636364;6;2530;2531;2532
teste codigo 845;Nome produto 845;Fita PP;46453,75758;5471,054545;4.19;0;R$ 870,54;-1208,090909;6;2533;2534;2535
teste codigo 846;Nome produto 846;Fita PP;46508,87879;5477,527273;2.15;0;R$ 871,57;-1209,545455;6;2536;2537;2538
teste codigo 847;Nome produto 847;Fita PP;46564;5484;3.17;0;R$ 872,60;-1211;6;2539;2540;2541
teste codigo 848;Nome produto 848;Fita PP;46619,12121;5490,472727;2.248;0;R$ 873,63;-1212,454545;6;2542;2543;2544
teste codigo 849;Nome produto 849;Fita PP;46674,24242;5496,945455;2.260;0;R$ 874,66;-1213,909091;6;2545;2546;2547
teste codigo 850;Nome produto 850;Fita PP;46729,36364;5503,418182;4.19;0;R$ 875,69;-1215,363636;6;2548;2549;2550
teste codigo 851;Nome produto 851;Fita PP;46784,48485;5509,890909;57.17;0;R$ 876,73;-1216,818182;6;2551;2552;2553
teste codigo 852;Nome produto 852;Fita PP;46839,60606;5516,363636;7.13;0;R$ 877,76;-1218,272727;6;2554;2555;2556
teste codigo 853;Nome produto 853;small;46894,72727;5522,836364;0;0;R$ 878,79;-1219,727273;6;2557;2558;2559
teste codigo 854;Nome produto 854;small;46949,84848;5529,309091;0;0;R$ 879,82;-1221,181818;6;2560;2561;2562
teste codigo 855;Nome produto 855;Fita PP;47004,9697;5535,781818;4.18;0;R$ 880,85;-1222,636364;6;2563;2564;2565
teste codigo 856;Nome produto 856;Fita PP;47060,09091;5542,254545;2.14;0;R$ 881,88;-1224,090909;6;2566;2567;2568
teste codigo 857;Nome produto 857;Fita PP;47115,21212;5548,727273;3.16;0;R$ 882,91;-1225,545455;6;2569;2570;2571
teste codigo 858;Nome produto 858;Fita PP;47170,33333;5555,2;2.224;0;R$ 883,95;-1227;6;2572;2573;2574
teste codigo 859;Nome produto 859;Fita PP;47225,45455;5561,672727;2.236;0;R$ 884,98;-1228,454545;6;2575;2576;2577
teste codigo 860;Nome produto 860;Fita PP;47280,57576;5568,145455;4.18;0;R$ 886,01;-1229,909091;6;2578;2579;2580
teste codigo 861;Nome produto 861;Fita PP;47335,69697;5574,618182;57.16;0;R$ 887,04;-1231,363636;6;2581;2582;2583
teste codigo 862;Nome produto 862;Fita PP;47390,81818;5581,090909;7.12;0;R$ 888,07;-1232,818182;6;2584;2585;2586
teste codigo 863;Nome produto 863;small;47445,93939;5587,563636;0;0;R$ 889,10;-1234,272727;6;2587;2588;2589
teste codigo 864;Nome produto 864;small;47501,06061;5594,036364;0;0;R$ 890,13;-1235,727273;6;2590;2591;2592
teste codigo 865;Nome produto 865;Fita PP;47556,18182;5600,509091;4.19;0;R$ 891,16;-1237,181818;6;2593;2594;2595
teste codigo 866;Nome produto 866;Fita PP;47611,30303;5606,981818;2.15;0;R$ 892,20;-1238,636364;6;2596;2597;2598
teste codigo 867;Nome produto 867;Fita PP;47666,42424;5613,454545;3.17;0;R$ 893,23;-1240,090909;6;2599;2600;2601
teste codigo 868;Nome produto 868;Fita PP;47721,54545;5619,927273;2.248;0;R$ 894,26;-1241,545455;6;2602;2603;2604
teste codigo 869;Nome produto 869;Fita PP;47776,66667;5626,4;2.260;0;R$ 895,29;-1243;6;2605;2606;2607
teste codigo 870;Nome produto 870;Fita PP;47831,78788;5632,872727;4.19;0;R$ 896,32;-1244,454545;6;2608;2609;2610
teste codigo 871;Nome produto 871;Fita PP;47886,90909;5639,345455;57.17;0;R$ 897,35;-1245,909091;6;2611;2612;2613
teste codigo 872;Nome produto 872;Fita PP;47942,0303;5645,818182;7.13;0;R$ 898,38;-1247,363636;6;2614;2615;2616
teste codigo 873;Nome produto 873;small;47997,15152;5652,290909;0;0;R$ 899,42;-1248,818182;6;2617;2618;2619
teste codigo 874;Nome produto 874;small;48052,27273;5658,763636;0;0;R$ 900,45;-1250,272727;6;2620;2621;2622
teste codigo 875;Nome produto 875;Fita PP;48107,39394;5665,236364;4.20;0;R$ 901,48;-1251,727273;6;2623;2624;2625
teste codigo 876;Nome produto 876;Fita PP;48162,51515;5671,709091;2.16;0;R$ 902,51;-1253,181818;6;2626;2627;2628
teste codigo 877;Nome produto 877;Fita PP;48217,63636;5678,181818;3.18;0;R$ 903,54;-1254,636364;6;2629;2630;2631
teste codigo 878;Nome produto 878;Fita PP;48272,75758;5684,654545;2.272;0;R$ 904,57;-1256,090909;6;2632;2633;2634
teste codigo 879;Nome produto 879;Fita PP;48327,87879;5691,127273;2.284;0;R$ 905,60;-1257,545455;6;2635;2636;2637
teste codigo 880;Nome produto 880;Fita PP;48383;5697,6;4.20;0;R$ 906,63;-1259;6;2638;2639;2640
teste codigo 881;Nome produto 881;Fita PP;48438,12121;5704,072727;57.18;0;R$ 907,67;-1260,454545;6;2641;2642;2643
teste codigo 882;Nome produto 882;Fita PP;48493,24242;5710,545455;7.14;0;R$ 908,70;-1261,909091;6;2644;2645;2646
teste codigo 883;Nome produto 883;small;48548,36364;5717,018182;0;0;R$ 909,73;-1263,363636;6;2647;2648;2649
teste codigo 884;Nome produto 884;small;48603,48485;5723,490909;0;0;R$ 910,76;-1264,818182;6;2650;2651;2652
teste codigo 885;Nome produto 885;Fita PP;48658,60606;5729,963636;4.19;0;R$ 911,79;-1266,272727;6;2653;2654;2655
teste codigo 886;Nome produto 886;Fita PP;48713,72727;5736,436364;2.15;0;R$ 912,82;-1267,727273;6;2656;2657;2658
teste codigo 887;Nome produto 887;Fita PP;48768,84848;5742,909091;3.17;0;R$ 913,85;-1269,181818;6;2659;2660;2661
teste codigo 888;Nome produto 888;Fita PP;48823,9697;5749,381818;2.248;0;R$ 914,89;-1270,636364;6;2662;2663;2664
teste codigo 889;Nome produto 889;Fita PP;48879,09091;5755,854545;2.260;0;R$ 915,92;-1272,090909;6;2665;2666;2667
teste codigo 890;Nome produto 890;Fita PP;48934,21212;5762,327273;4.19;0;R$ 916,95;-1273,545455;6;2668;2669;2670
teste codigo 891;Nome produto 891;Fita PP;48989,33333;5768,8;57.17;0;R$ 917,98;-1275;6;2671;2672;2673
teste codigo 892;Nome produto 892;small;49044,45455;5775,272727;0;0;R$ 919,01;-1276,454545;6;2674;2675;2676
teste codigo 893;Nome produto 893;small;49099,57576;5781,745455;0;0;R$ 920,04;-1277,909091;6;2677;2678;2679
teste codigo 894;Nome produto 894;Fita PP;49154,69697;5788,218182;4.17;0;R$ 921,07;-1279,363636;6;2680;2681;2682
teste codigo 895;Nome produto 895;Fita PP;49209,81818;5794,690909;2.13;0;R$ 922,10;-1280,818182;6;2683;2684;2685
teste codigo 896;Nome produto 896;Fita PP;49264,93939;5801,163636;3.15;0;R$ 923,14;-1282,272727;6;2686;2687;2688
teste codigo 897;Nome produto 897;Fita PP;49320,06061;5807,636364;2.200;0;R$ 924,17;-1283,727273;6;2689;2690;2691
teste codigo 898;Nome produto 898;Fita PP;49375,18182;5814,109091;2.212;0;R$ 925,20;-1285,181818;6;2692;2693;2694
teste codigo 899;Nome produto 899;Fita PP;49430,30303;5820,581818;4.17;0;R$ 926,23;-1286,636364;6;2695;2696;2697
teste codigo 900;Nome produto 900;Fita PP;49485,42424;5827,054545;57.15;0;R$ 927,26;-1288,090909;6;2698;2699;2700
teste codigo 901;Nome produto 901;Fita PP;49540,54545;5833,527273;7.11;0;R$ 928,29;-1289,545455;6;2701;2702;2703
teste codigo 902;Nome produto 902;small;49595,66667;5840;0;0;R$ 929,32;-1291;6;2704;2705;2706
teste codigo 903;Nome produto 903;small;49650,78788;5846,472727;0;0;R$ 930,36;-1292,454545;6;2707;2708;2709
teste codigo 904;Nome produto 904;Fita PP;49705,90909;5852,945455;4.18;0;R$ 931,39;-1293,909091;6;2710;2711;2712
teste codigo 905;Nome produto 905;Fita PP;49761,0303;5859,418182;2.14;0;R$ 932,42;-1295,363636;6;2713;2714;2715
teste codigo 906;Nome produto 906;Fita PP;49816,15152;5865,890909;3.16;0;R$ 933,45;-1296,818182;6;2716;2717;2718
teste codigo 907;Nome produto 907;Fita PP;49871,27273;5872,363636;2.224;0;R$ 934,48;-1298,272727;6;2719;2720;2721
teste codigo 908;Nome produto 908;Fita PP;49926,39394;5878,836364;2.236;0;R$ 935,51;-1299,727273;6;2722;2723;2724
teste codigo 909;Nome produto 909;Fita PP;49981,51515;5885,309091;4.18;0;R$ 936,54;-1301,181818;6;2725;2726;2727
teste codigo 910;Nome produto 910;Fita PP;50036,63636;5891,781818;57.16;0;R$ 937,57;-1302,636364;6;2728;2729;2730
teste codigo 911;Nome produto 911;Fita PP;50091,75758;5898,254545;7.12;0;R$ 938,61;-1304,090909;6;2731;2732;2733
teste codigo 912;Nome produto 912;small;50146,87879;5904,727273;0;0;R$ 939,64;-1305,545455;6;2734;2735;2736
teste codigo 913;Nome produto 913;small;50202;5911,2;0;0;R$ 940,67;-1307;6;2737;2738;2739
teste codigo 914;Nome produto 914;Fita PP;50257,12121;5917,672727;4.19;0;R$ 941,70;-1308,454545;6;2740;2741;2742
teste codigo 915;Nome produto 915;Fita PP;50312,24242;5924,145455;2.15;0;R$ 942,73;-1309,909091;6;2743;2744;2745
teste codigo 916;Nome produto 916;Fita PP;50367,36364;5930,618182;3.17;0;R$ 943,76;-1311,363636;6;2746;2747;2748
teste codigo 917;Nome produto 917;Fita PP;50422,48485;5937,090909;2.248;0;R$ 944,79;-1312,818182;6;2749;2750;2751
teste codigo 918;Nome produto 918;Fita PP;50477,60606;5943,563636;2.260;0;R$ 945,83;-1314,272727;6;2752;2753;2754
teste codigo 919;Nome produto 919;Fita PP;50532,72727;5950,036364;4.19;0;R$ 946,86;-1315,727273;6;2755;2756;2757
teste codigo 920;Nome produto 920;Fita PP;50587,84848;5956,509091;57.17;0;R$ 947,89;-1317,181818;6;2758;2759;2760
teste codigo 921;Nome produto 921;Fita PP;50642,9697;5962,981818;7.13;0;R$ 948,92;-1318,636364;6;2761;2762;2763
teste codigo 922;Nome produto 922;small;50698,09091;5969,454545;0;0;R$ 949,95;-1320,090909;6;2764;2765;2766
teste codigo 923;Nome produto 923;small;50753,21212;5975,927273;0;0;R$ 950,98;-1321,545455;6;2767;2768;2769
teste codigo 924;Nome produto 924;Fita PP;50808,33333;5982,4;4.18;0;R$ 952,01;-1323;6;2770;2771;2772
teste codigo 925;Nome produto 925;Fita PP;50863,45455;5988,872727;2.14;0;R$ 953,04;-1324,454545;6;2773;2774;2775
teste codigo 926;Nome produto 926;Fita PP;50918,57576;5995,345455;3.16;0;R$ 954,08;-1325,909091;6;2776;2777;2778
teste codigo 927;Nome produto 927;Fita PP;50973,69697;6001,818182;2.224;0;R$ 955,11;-1327,363636;6;2779;2780;2781
teste codigo 928;Nome produto 928;Fita PP;51028,81818;6008,290909;2.236;0;R$ 956,14;-1328,818182;6;2782;2783;2784
teste codigo 929;Nome produto 929;Fita PP;51083,93939;6014,763636;4.18;0;R$ 957,17;-1330,272727;6;2785;2786;2787
teste codigo 930;Nome produto 930;Fita PP;51139,06061;6021,236364;57.16;0;R$ 958,20;-1331,727273;6;2788;2789;2790
teste codigo 931;Nome produto 931;Fita PP;51194,18182;6027,709091;7.12;0;R$ 959,23;-1333,181818;6;2791;2792;2793
teste codigo 932;Nome produto 932;small;51249,30303;6034,181818;0;0;R$ 960,26;-1334,636364;6;2794;2795;2796
teste codigo 933;Nome produto 933;small;51304,42424;6040,654545;0;0;R$ 961,30;-1336,090909;6;2797;2798;2799
teste codigo 934;Nome produto 934;Fita PP;51359,54545;6047,127273;4.19;0;R$ 962,33;-1337,545455;6;2800;2801;2802
teste codigo 935;Nome produto 935;Fita PP;51414,66667;6053,6;2.15;0;R$ 963,36;-1339;6;2803;2804;2805
teste codigo 936;Nome produto 936;Fita PP;51469,78788;6060,072727;3.17;0;R$ 964,39;-1340,454545;6;2806;2807;2808
teste codigo 937;Nome produto 937;Fita PP;51524,90909;6066,545455;2.248;0;R$ 965,42;-1341,909091;6;2809;2810;2811
teste codigo 938;Nome produto 938;Fita PP;51580,0303;6073,018182;2.260;0;R$ 966,45;-1343,363636;6;2812;2813;2814
teste codigo 939;Nome produto 939;Fita PP;51635,15152;6079,490909;4.19;0;R$ 967,48;-1344,818182;6;2815;2816;2817
teste codigo 940;Nome produto 940;Fita PP;51690,27273;6085,963636;57.17;0;R$ 968,51;-1346,272727;6;2818;2819;2820
teste codigo 941;Nome produto 941;Fita PP;51745,39394;6092,436364;7.13;0;R$ 969,55;-1347,727273;6;2821;2822;2823
teste codigo 942;Nome produto 942;small;51800,51515;6098,909091;0;0;R$ 970,58;-1349,181818;6;2824;2825;2826
teste codigo 943;Nome produto 943;small;51855,63636;6105,381818;0;0;R$ 971,61;-1350,636364;6;2827;2828;2829
teste codigo 944;Nome produto 944;Fita PP;51910,75758;6111,854545;4.20;0;R$ 972,64;-1352,090909;6;2830;2831;2832
teste codigo 945;Nome produto 945;Fita PP;51965,87879;6118,327273;2.16;0;R$ 973,67;-1353,545455;6;2833;2834;2835
teste codigo 946;Nome produto 946;Fita PP;52021;6124,8;3.18;0;R$ 974,70;-1355;6;2836;2837;2838
teste codigo 947;Nome produto 947;Fita PP;52076,12121;6131,272727;2.272;0;R$ 975,73;-1356,454545;6;2839;2840;2841
teste codigo 948;Nome produto 948;Fita PP;52131,24242;6137,745455;2.284;0;R$ 976,77;-1357,909091;6;2842;2843;2844
teste codigo 949;Nome produto 949;Fita PP;52186,36364;6144,218182;4.20;0;R$ 977,80;-1359,363636;6;2845;2846;2847
teste codigo 950;Nome produto 950;Fita PP;52241,48485;6150,690909;57.18;0;R$ 978,83;-1360,818182;6;2848;2849;2850
teste codigo 951;Nome produto 951;Fita PP;52296,60606;6157,163636;7.14;0;R$ 979,86;-1362,272727;6;2851;2852;2853
teste codigo 952;Nome produto 952;small;52351,72727;6163,636364;0;0;R$ 980,89;-1363,727273;6;2854;2855;2856
teste codigo 953;Nome produto 953;small;52406,84848;6170,109091;0;0;R$ 981,92;-1365,181818;6;2857;2858;2859
teste codigo 954;Nome produto 954;Fita PP;52461,9697;6176,581818;4.19;0;R$ 982,95;-1366,636364;6;2860;2861;2862
teste codigo 955;Nome produto 955;Fita PP;52517,09091;6183,054545;2.15;0;R$ 983,98;-1368,090909;6;2863;2864;2865
teste codigo 956;Nome produto 956;Fita PP;52572,21212;6189,527273;3.17;0;R$ 985,02;-1369,545455;6;2866;2867;2868
teste codigo 957;Nome produto 957;Fita PP;52627,33333;6196;2.248;0;R$ 986,05;-1371;6;2869;2870;2871
teste codigo 958;Nome produto 958;Fita PP;52682,45455;6202,472727;2.260;0;R$ 987,08;-1372,454545;6;2872;2873;2874
teste codigo 959;Nome produto 959;Fita PP;52737,57576;6208,945455;4.19;0;R$ 988,11;-1373,909091;6;2875;2876;2877
teste codigo 960;Nome produto 960;Fita PP;52792,69697;6215,418182;57.17;0;R$ 989,14;-1375,363636;6;2878;2879;2880
teste codigo 961;Nome produto 961;Fita PP;52847,81818;6221,890909;7.13;0;R$ 990,17;-1376,818182;6;2881;2882;2883
teste codigo 962;Nome produto 962;small;52902,93939;6228,363636;0;0;R$ 991,20;-1378,272727;6;2884;2885;2886
teste codigo 963;Nome produto 963;small;52958,06061;6234,836364;0;0;R$ 992,24;-1379,727273;6;2887;2888;2889
teste codigo 964;Nome produto 964;Fita PP;53013,18182;6241,309091;4.20;0;R$ 993,27;-1381,181818;6;2890;2891;2892
teste codigo 965;Nome produto 965;Fita PP;53068,30303;6247,781818;2.16;0;R$ 994,30;-1382,636364;6;2893;2894;2895
teste codigo 966;Nome produto 966;Fita PP;53123,42424;6254,254545;3.18;0;R$ 995,33;-1384,090909;6;2896;2897;2898
teste codigo 967;Nome produto 967;Fita PP;53178,54545;6260,727273;2.272;0;R$ 996,36;-1385,545455;6;2899;2900;2901
teste codigo 968;Nome produto 968;Fita PP;53233,66667;6267,2;2.284;0;R$ 997,39;-1387;6;2902;2903;2904
teste codigo 969;Nome produto 969;Fita PP;53288,78788;6273,672727;4.20;0;R$ 998,42;-1388,454545;6;2905;2906;2907
teste codigo 970;Nome produto 970;Fita PP;53343,90909;6280,145455;57.18;0;R$ 999,45;-1389,909091;6;2908;2909;2910
teste codigo 971;Nome produto 971;Fita PP;53399,0303;6286,618182;7.14;0;R$ 1.000,49;-1391,363636;6;2911;2912;2913
teste codigo 972;Nome produto 972;small;53454,15152;6293,090909;0;0;R$ 1.001,52;-1392,818182;6;2914;2915;2916
teste codigo 973;Nome produto 973;small;53509,27273;6299,563636;0;0;R$ 1.002,55;-1394,272727;6;2917;2918;2919
teste codigo 974;Nome produto 974;Fita PP;53564,39394;6306,036364;4.21;0;R$ 1.003,58;-1395,727273;6;2920;2921;2922
teste codigo 975;Nome produto 975;Fita PP;53619,51515;6312,509091;2.17;0;R$ 1.004,61;-1397,181818;6;2923;2924;2925
teste codigo 976;Nome produto 976;Fita PP;53674,63636;6318,981818;3.19;0;R$ 1.005,64;-1398,636364;6;2926;2927;2928
teste codigo 977;Nome produto 977;Fita PP;53729,75758;6325,454545;2.296;0;R$ 1.006,67;-1400,090909;6;2929;2930;2931
teste codigo 978;Nome produto 978;Fita PP;53784,87879;6331,927273;2.308;0;R$ 1.007,71;-1401,545455;6;2932;2933;2934
teste codigo 979;Nome produto 979;Fita PP;53840;6338,4;4.21;0;R$ 1.008,74;-1403;6;2935;2936;2937
teste codigo 980;Nome produto 980;Fita PP;53895,12121;6344,872727;57.19;0;R$ 1.009,77;-1404,454545;6;2938;2939;2940
teste codigo 981;Nome produto 981;Fita PP;53950,24242;6351,345455;7.15;0;R$ 1.010,80;-1405,909091;6;2941;2942;2943
teste codigo 982;Nome produto 982;small;54005,36364;6357,818182;0;0;R$ 1.011,83;-1407,363636;6;2944;2945;2946
teste codigo 983;Nome produto 983;small;54060,48485;6364,290909;0;0;R$ 1.012,86;-1408,818182;6;2947;2948;2949
teste codigo 984;Nome produto 984;Fita PP;54115,60606;6370,763636;4.20;0;R$ 1.013,89;-1410,272727;6;2950;2951;2952
teste codigo 985;Nome produto 985;Fita PP;54170,72727;6377,236364;2.16;0;R$ 1.014,93;-1411,727273;6;2953;2954;2955
teste codigo 986;Nome produto 986;Fita PP;54225,84848;6383,709091;3.18;0;R$ 1.015,96;-1413,181818;6;2956;2957;2958
teste codigo 987;Nome produto 987;Fita PP;54280,9697;6390,181818;2.272;0;R$ 1.016,99;-1414,636364;6;2959;2960;2961
teste codigo 988;Nome produto 988;Fita PP;54336,09091;6396,654545;2.284;0;R$ 1.018,02;-1416,090909;6;2962;2963;2964
teste codigo 989;Nome produto 989;Fita PP;54391,21212;6403,127273;4.20;0;R$ 1.019,05;-1417,545455;6;2965;2966;2967
teste codigo 990;Nome produto 990;Fita PP;54446,33333;6409,6;57.18;0;R$ 1.020,08;-1419;6;2968;2969;2970
teste codigo 991;Nome produto 991;small;54501,45455;6416,072727;0;0;R$ 1.021,11;-1420,454545;6;2971;2972;2973
teste codigo 992;Nome produto 992;small;54556,57576;6422,545455;0;0;R$ 1.022,14;-1421,909091;6;2974;2975;2976
teste codigo 993;Nome produto 993;Fita PP;54611,69697;6429,018182;4.18;0;R$ 1.023,18;-1423,363636;6;2977;2978;2979
teste codigo 994;Nome produto 994;Fita PP;54666,81818;6435,490909;2.14;0;R$ 1.024,21;-1424,818182;6;2980;2981;2982
teste codigo 995;Nome produto 995;Fita PP;54721,93939;6441,963636;3.16;0;R$ 1.025,24;-1426,272727;6;2983;2984;2985
teste codigo 996;Nome produto 996;Fita PP;54777,06061;6448,436364;2.224;0;R$ 1.026,27;-1427,727273;6;2986;2987;2988
teste codigo 997;Nome produto 997;Fita PP;54832,18182;6454,909091;2.236;0;R$ 1.027,30;-1429,181818;6;2989;2990;2991
teste codigo 998;Nome produto 998;Fita PP;54887,30303;6461,381818;4.18;0;R$ 1.028,33;-1430,636364;6;2992;2993;2994
teste codigo 999;Nome produto 999;Fita PP;54942,42424;6467,854545;57.16;0;R$ 1.029,36;-1432,090909;6;2995;2996;2997
teste codigo 1000;Nome produto 1000;Fita PP;54997,54545;6474,327273;7.12;0;R$ 1.030,40;-1433,545455;6;2998;2999;3000
