CodigoProduto;NomeProduto;Comprimento;Largura;FC;FCConvertido;Custo;Material;Percentual;PrazoProducao
30.23.01.01.0002;FITA GOMADA 60 C/R LISA ;60;;;;6,645904721;ESP. IND;33;10
30.23.01.01.0003;FITA GOMADA 70 C/R LISA ;70;;;;6,654355089;ESP. IND;33;10
30.23.01.01.0004;FITA GOMADA 80 C/R LISA ;80;;;;6,645902828;ESP. IND;33;10
30.23.01.02.0001;FITA GOMADA 50 S/R LISA ;60;;;;6,305757615;ESP. IND;33;10
30.23.01.02.0002;FITA GOMADA 60 S/R LISA ;60;;;;6,305757615;ESP. IND;33;10
30.23.01.02.0003;FITA GOMADA 70 S/R LISA ;70;;;;6,314209876;ESP. IND;33;10
30.23.01.02.0004;FITA GOMADA 80 S/R LISA ;80;;;;6,305757615;ESP. IND;33;10
30.23.01.03.0001;FITA IMP GOMADA 60 C/R;60;;;;6,768521369;ESP. IND;33;10
30.23.01.03.0002;FITA IMP GOMADA 70 C/R;70;;;;6,776971737;ESP. IND;33;10
30.23.01.03.0003;FITA IMP GOMADA 80 C/R;80;;;;6,768519476;ESP. IND;33;10
30.23.01.03.0004;FITA IMP GOMADA 70 C/R + SELO DE SEGURANÇA;70;;;;6,776971737;ESP. IND;33;10
30.23.01.03.0005;FITA IMP GOMADA 80 C/R + SELO DE SEGURANÇA;80;;;;6,768519476;ESP. IND;33;10
30.23.01.04.0002;FITA IMP GOMADA 60 S/R;60;;;;6,428374263;ESP. IND;33;10
30.23.01.04.0003;FITA IMP GOMADA 70 S/R;70;;;;6,436826524;ESP. IND;33;10
30.23.01.04.0004;FITA IMP GOMADA 80 S/R;80;;;;6,428374263;ESP. IND;33;10
30.20.10.53.0002;"FITA TUDO STC FITASA 1""100X100 C/CABO LC3";;;;;3,458;small;20;10
30.20.10.53.0003;"FITA TUDO STC FITASA 1""100X100 S/CABO LC3";;;;;2,912;small;20;10
30.10.10.11.0010;FITA PP AA 40 HA 048X100 - M;100;48;4,8;;3,001800581;Fita PP;33;10
30.10.10.12.0027;FITA PP AA 40 TR 024X100 - M;100;24;2,4;;1,564232208;Fita PP;33;10
30.10.10.12.0031;FITA PP AA 40 TR 036X100 - M;100;36;3,6;;2,346348312;Fita PP;33;10
30.10.10.12.0039;FITA PP AA 40 TR 048X045 - M;45;48;2,16;;1,415544012;Fita PP;33;10
30.10.10.12.0040;FITA PP AA 40 TR 048X050 - M;50;48;2,4;;1,559367736;Fita PP;33;10
30.10.10.12.0044;FITA PP AA 40 TR 048X100 - M;100;48;4,8;;3,001800581;Fita PP;33;10
30.10.10.12.0046;FITA PP AA 40 TR 048X1200 - M;1200;48;57,6;;34,60386249;Fita PP;33;10
30.10.10.12.0055;FITA PP AA 40 TR 072X100 - M;100;72;7,2;;4,692696624;Fita PP;33;10
30.10.10.12.0073;FITA PP AA 40 TR 048X085 - PERSONALIZADA;85;48;4,08;;2,570329411;Fita PP;33;10
30.10.10.12.0089;FITA PP AA 40 TR 048X090 - M;90;48;4,32;;2,714153134;Fita PP;33;10
30.10.10.12.0099;FITA PP AA 40 TR 048X080 - M;80;48;3,84;;2,426505687;Fita PP;33;10
30.10.10.12.0109;FITA PP AA 40 TR 048X100 - PERSONALIZADA;100;48;4,8;;3,001800581;Fita PP;33;10
30.10.10.12.0129;FITA PP AA 40 TR 012X050 - M;50;12;0,6;;0,405805413;Fita PP;33;10
30.10.10.12.0144;FITA PP AA 40 TR 048X085 - M;85;48;4,08;;2,570329411;Fita PP;33;10
30.10.10.15.0090;FITA PP AR9 45 BR 144X1000 - M;1000;144;144;;110,2186397;Fita PP;33;10
30.10.10.18.0150;FITA PP AR9 45 TR 048X100 - M;100;48;4,8;;3,461064581;Fita PP;33;10
30.10.10.18.0153;FITA PP AR9 45 TR 048X1200 - M;1200;48;57,6;;40,11503049;Fita PP;33;10
30.10.10.18.0167;FITA PP AR9 45 TR 072X100 - M;100;72;7,2;;5,381592624;Fita PP;33;10
30.10.10.18.0184;FITA PP AR9 45 TR 144X1000 - M;1000;144;144;;100,5052061;Fita PP;33;10
30.10.10.18.0185;FITA PP AR9 45 TR 144X1200 - M;1200;144;172,8;;120,3450915;Fita PP;33;10
30.10.10.18.0196;FITA PP AR9 45 TR 048X085 - PERSONALIZADA;85;48;4,08;;2,960703811;Fita PP;33;10
30.10.20.13.0266;FITA PP AS 50 TR 048X100 - M;100;48;4,8;;5,426892118;Fita PP;33;10
30.10.20.13.0275;FITA PP AS 50 TR 072X100 - M;100;72;7,2;;8,330333929;Fita PP;33;10
30.10.30.13.0088;FITA PP HM 40 TR 048X100 - M;100;48;4,8;;3,992213381;Fita PP;33;10
30.10.30.13.0091;FITA PP HM 40 TR 048X1200 - M;1200;48;57,6;;46,48881609;Fita PP;33;10
30.10.30.13.0094;FITA PP HM 40 TR 072X100 - M;100;72;7,2;;6,178315824;Fita PP;33;10
30.10.30.16.0029;FITA PP HM 45 TR 048X100 - M;100;48;4,8;;4,366613381;Fita PP;33;10
30.10.30.16.0031;FITA PP HM 45 TR 048X1200 - M;1200;48;57,6;;50,98161609;Fita PP;33;10
30.10.30.16.0033;FITA PP HM 45 TR 048X1500 - M;1500;48;72;;63,61820518;Fita PP;33;10
30.10.10.11.0001;FITA PP AA 40 HA 024X050 - M;50;24;1,2;;0,811610827;Fita PP;33;10
30.10.10.11.0002;FITA PP AA 40 HA 024X100 - M;100;24;2,4;;1,564232208;Fita PP;33;10
30.10.10.11.0003;FITA PP AA 40 HA 036X100 - M;100;36;3,6;;2,346348312;Fita PP;33;10
30.10.10.11.0004;FITA PP AA 40 HA 048X030 - M;30;48;1,44;;0,984072841;Fita PP;33;10
30.10.10.11.0005;FITA PP AA 40 HA 048X040 - M;40;48;1,92;;1,271720289;Fita PP;33;10
30.10.10.11.0006;FITA PP AA 40 HA 048X045 - M;45;48;2,16;;1,415544012;Fita PP;33;10
30.10.10.11.0007;FITA PP AA 40 HA 048X050 - M;50;48;2,4;;1,559367736;Fita PP;33;10
30.10.10.11.0008;FITA PP AA 40 HA 048X080 - M;80;48;3,84;;2,426505687;Fita PP;33;10
30.10.10.11.0009;FITA PP AA 40 HA 048X090 - PERSONALIZADA;90;48;4,32;;2,714153134;Fita PP;33;10
30.10.10.11.0011;FITA PP AA 40 HA 048X1200 - M;1200;48;57,6;;34,60386249;Fita PP;33;10
30.10.10.11.0013;FITA PP AA 40 HA 072X050 - M;50;72;3,6;;2,43483248;Fita PP;33;10
30.10.10.11.0015;FITA PP AA 40 HA 072X100 - M;100;72;7,2;;4,692696624;Fita PP;33;10
30.10.10.11.0016;FITA PP AA 40 HA 072X1200 - M;1200;72;86,4;;54,69058712;Fita PP;33;10
30.10.10.11.0018;FITA PP AA 40 HA 096X100 - M;100;96;9,6;;6,254840832;Fita PP;33;10
30.10.10.11.0019;FITA PP AA 40 HA 144X100 - M;100;144;14,4;;9,005401744;Fita PP;33;10
30.10.10.11.0024;FITA PP AA 40 HA 018X100 - M;100;18;1,8;;1,173174156;Fita PP;33;10
30.10.10.11.0028;FITA PP AA 40 HA 048X090 - M;90;48;4,32;;2,714153134;Fita PP;33;10
30.10.10.11.0038;FITA PP AA 40 HA 036X100 - PERSONALIZADA;100;36;3,6;;2,346348312;Fita PP;33;10
30.10.10.11.0046;FITA PP AA 40 HA 048X050 - PERSONALIZADA;50;48;2,4;;1,559367736;Fita PP;33;10
30.10.10.11.0048;FITA PP AA 40 HA 048X080 - PERSONALIZADA;80;48;3,84;;2,426505687;Fita PP;33;10
30.10.10.11.0057;FITA PP AA 40 HA 072X090 - M;90;72;6,48;;4,242382478;Fita PP;33;10
30.10.10.11.0079;FITA PP AA 40 HA 045X040 - PERSONALIZADA;40;45;1,8;;1,24622142;Fita PP;33;10
30.10.10.11.0081;FITA PP AA 40 HA 024X200 - M ;200;24;4,8;;3,069637047;Fita PP;33;10
30.10.10.11.0084;FITA PP AA 40 HA 144X1200 - M (INV);1200;144;172,8;;103,8115875;Fita PP;33;10
30.10.10.11.0085;FITA PP AA 40 HA 036X050 - PERSONALIZADA;50;36;1,8;;1,21741624;Fita PP;33;10
30.10.10.11.0087;FITA PP AA 40 HA 048X085 - M;85;48;4,08;;2,570329411;Fita PP;33;10
30.10.10.11.0083;FITA PP AA 40 HA 048X085 - PERSONALIZADA;85;48;4,08;;2,570329411;Fita PP;33;10
30.10.10.12.0024;FITA PP AA 40 TR 018X050 - M;50;18;0,9;;0,60870812;Fita PP;33;10
30.10.10.12.0025;FITA PP AA 40 TR 018X100 - M;100;18;1,8;;1,173174156;Fita PP;33;10
30.10.10.12.0026;FITA PP AA 40 TR 024X050 - M;50;24;1,2;;0,811610827;Fita PP;33;10
30.10.10.12.0030;FITA PP AA 40 TR 036X050 - M;50;36;1,8;;1,21741624;Fita PP;33;10
30.10.10.12.0037;FITA PP AA 40 TR 048X030 - M;30;48;1,44;;0,984072841;Fita PP;33;10
30.10.10.12.0038;FITA PP AA 40 TR 048X040 - M;40;48;1,92;;1,271720289;Fita PP;33;10
30.10.10.12.0042;FITA PP AA 40 TR 048X080 - PERSONALIZADA;80;48;3,84;;2,426505687;Fita PP;33;10
30.10.10.12.0043;FITA PP AA 40 TR 048X090 - PERSONALIZADA;90;48;4,32;;2,714153134;Fita PP;33;10
30.10.10.12.0047;FITA PP AA 40 TR 048X1500 - M;1500;48;72;;43,14601318;Fita PP;33;10
30.10.10.12.0053;FITA PP AA 40 TR 072X050 - M;50;72;3,6;;2,43483248;Fita PP;33;10
30.10.10.12.0054;FITA PP AA 40 TR 072X090 - M;90;72;6,48;;4,242382478;Fita PP;33;10
30.10.10.12.0057;FITA PP AA 40 TR 072X1200 - M;1200;72;86,4;;54,69058712;Fita PP;33;10
30.10.10.12.0060;FITA PP AA 40 TR 096X100 - M;100;96;9,6;;6,254840832;Fita PP;33;10
30.10.10.12.0065;FITA PP AA 40 TR 144X100 - M;100;144;14,4;;9,005401744;Fita PP;33;10
30.10.10.12.0066;FITA PP AA 40 TR 144X1200 - M;1200;144;172,8;;103,8115875;Fita PP;33;10
30.10.10.12.0078;FITA PP AA 40 TR 072X050 - PERSONALIZADA;50;72;3,6;;2,43483248;Fita PP;33;10
30.10.10.12.0091;FITA PP AA 40 TR 036X090 - M;90;36;3,24;;2,121191239;Fita PP;33;10
30.10.10.12.0101;FITA PP AA 40 TR 024X050 - PERSONALIZADA;50;24;1,2;;0,811610827;Fita PP;33;10
30.10.10.12.0102;FITA PP AA 40 TR 024X100 - PERSONALIZADA;100;24;2,4;;1,564232208;Fita PP;33;10
30.10.10.12.0105;FITA PP AA 40 TR 036X100 - PERSONALIZADA;100;36;3,6;;2,346348312;Fita PP;33;10
30.10.10.12.0108;FITA PP AA 40 TR 048X040 - PERSONALIZADA;40;48;1,92;;1,271720289;Fita PP;33;10
30.10.10.12.0110;FITA PP AA 40 TR 048X045 - PERSONALIZADA;45;48;2,16;;1,415544012;Fita PP;33;10
30.10.10.12.0111;FITA PP AA 40 TR 048X050 - PERSONALIZADA;50;48;2,4;;1,559367736;Fita PP;33;10
30.10.10.12.0128;FITA PP AA 40 TR 072X090 - PERSONALIZADA;90;72;6,48;;4,242382478;Fita PP;33;10
30.10.10.12.0139;FITA PP AA 40 TR 045X040 - PERSONALIZADA;40;45;1,8;;1,24622142;Fita PP;33;10
30.10.10.12.0140;FITA PP AA 40 TR 045X045 - PERSONALIZADA;45;45;2,025;;1,386944591;Fita PP;33;10
30.10.10.12.0141;FITA PP AA 40 TR 045X100 - PERSONALIZADA;100;45;4,5;;2,939789522;Fita PP;33;10
30.10.10.12.0161;FITA PP AA 40 TR 024X090 - M;90;24;2,16;;1,414127493;Fita PP;33;10
30.10.10.13.0071;FITA PP AR9 45 AM 024X050 - M;50;24;1,2;;1,007372107;Fita PP;33;10
30.10.10.13.0073;FITA PP AR9 45 AM 048X050 - M;50;48;2,4;;1,950890296;Fita PP;33;10
30.10.10.13.0074;FITA PP AR9 45 AM 048X100 - M;100;48;4,8;;3,784845701;Fita PP;33;10
30.10.10.13.0087;FITA PP AR9 45 AM 144X1000 - M;1000;144;144;;110,2186397;Fita PP;33;10
30.10.10.14.0080;FITA PP AR9 45 AZ 024X100 - M;100;24;2,4;;1,955754768;Fita PP;33;10
30.10.10.14.0081;FITA PP AR9 45 AZ 048X050 - M;50;48;2,4;;1,950890296;Fita PP;33;10
30.10.10.14.0082;FITA PP AR9 45 AZ 048X100 - M;100;48;4,8;;3,784845701;Fita PP;33;10
30.10.10.15.0086;FITA PP AR9 45 BR 048X050 - M;50;48;2,4;;1,950890296;Fita PP;33;10
30.10.10.15.0087;FITA PP AR9 45 BR 048X100 - M;100;48;4,8;;3,784845701;Fita PP;33;10
30.10.10.15.0088;FITA PP AR9 45 BR 048X1200 - M;1200;48;57,6;;44,00040393;Fita PP;33;10
30.10.10.15.0092;FITA PP AR9 45 BR 144X1200 - M;1200;144;172,8;;132,0012118;Fita PP;33;10
30.10.10.16.0095;FITA PP AR9 45 HA 024X100 - M;100;24;2,4;;1,955754768;Fita PP;33;10
30.10.10.16.0097;FITA PP AR9 45 HA 036X100 - M;100;36;3,6;;2,933632152;Fita PP;33;10
30.10.10.16.0101;FITA PP AR9 45 HA 048X050 - M;50;48;2,4;;1,950890296;Fita PP;33;10
30.10.10.16.0106;FITA PP AR9 45 HA 048X100 - M;100;48;4,8;;3,784845701;Fita PP;33;10
30.10.10.16.0110;FITA PP AR9 45 HA 072X100 - M;100;72;7,2;;5,867264304;Fita PP;33;10
30.10.10.16.0116;FITA PP AR9 45 HA 144X1200 - M;1200;144;172,8;;132,0012118;Fita PP;33;10
30.10.10.16.0135;FITA PP AR9 45 HA 048X090 - M;90;48;4,32;;3,418893742;Fita PP;33;10
30.10.10.16.0143;FITA PP AR9 45 HA 072X100 - PERSONALIZADA;100;72;7,2;;5,867264304;Fita PP;33;10
30.10.10.16.0151;FITA PP AR9 45 HA 018X100 - M;100;18;1,8;;1,466816076;Fita PP;33;10
30.10.10.16.0152;FITA PP AR9 45 HA 048X045 - M;45;48;2,16;;1,767914316;Fita PP;33;10
30.10.10.18.0263;FITA PP AR9 45 HA 048X045 - PERSONALIZADA;45;48;2,16;;1,767914316;Fita PP;33;10
30.10.10.17.0119;FITA PP AR9 45 LJ 048X050 - M ;50;48;2,4;;1,950890296;Fita PP;33;10
30.10.10.17.0120;FITA PP AR9 45 LJ 048X100 - M;100;48;4,8;;3,784845701;Fita PP;33;10
30.10.10.18.0127;FITA PP AR9 45 TR 024X050 - M;50;24;1,2;;0,926426827;Fita PP;33;10
30.10.10.18.0254;FITA PP AR9 45 TR 024X050 - PERSONALIZADA;50;24;1,2;;0,926426827;Fita PP;33;10
30.10.10.18.0128;FITA PP AR9 45 TR 024X100 - M;100;24;2,4;;1,793864208;Fita PP;33;10
30.10.10.18.0130;FITA PP AR9 45 TR 036X050 - M;50;36;1,8;;1,38964024;Fita PP;33;10
30.10.10.18.0132;FITA PP AR9 45 TR 036X100 - M;100;36;3,6;;2,690796312;Fita PP;33;10
30.10.10.18.0134;FITA PP AR9 45 TR 036X1200 - M;1200;36;43,2;;31,47866956;Fita PP;33;10
30.10.10.18.0142;FITA PP AR9 45 TR 048X045 - M;45;48;2,16;;1,622212812;Fita PP;33;10
30.10.10.18.0143;FITA PP AR9 45 TR 048X050 - M;50;48;2,4;;1,788999736;Fita PP;33;10
30.10.10.18.0146;FITA PP AR9 45 TR 048X080 - M;80;48;3,84;;2,793916887;Fita PP;33;10
30.10.10.18.0148;FITA PP AR9 45 TR 048X090 - M;90;48;4,32;;3,127490734;Fita PP;33;10
30.10.10.18.0151;FITA PP AR9 45 TR 048X1000 - M;1000;48;48;;33,50173536;Fita PP;33;10
30.10.10.18.0156;FITA PP AR9 45 TR 048X1500 - M;1500;48;72;;50,03497318;Fita PP;33;10
30.10.10.18.0163;FITA PP AR9 45 TR 072X050 - M;50;72;3,6;;2,77928048;Fita PP;33;10
30.10.10.18.0169;FITA PP AR9 45 TR 072X1200 - M;1200;72;86,4;;62,95733912;Fita PP;33;10
30.10.10.18.0172;FITA PP AR9 45 TR 096X100 - M;100;96;9,6;;7,173368832;Fita PP;33;10
30.10.10.18.0219;FITA PP AR9 45 TR 036X100 - PERSONALIZADA;100;36;3,6;;2,690796312;Fita PP;33;10
30.10.10.18.0225;FITA PP AR9 45 TR 048X050 - PERSONALIZADA;50;48;2,4;;1,788999736;Fita PP;33;10
30.10.10.18.0229;FITA PP AR9 45 TR 048X080 - PERSONALIZADA;80;48;3,84;;2,793916887;Fita PP;33;10
30.10.10.18.0231;FITA PP AR9 45 TR 048X090 - PERSONALIZADA;90;48;4,32;;3,127490734;Fita PP;33;10
30.10.10.18.0233;FITA PP AR9 45 TR 048X100 - PERSONALIZADA;100;48;4,8;;3,461064581;Fita PP;33;10
30.10.10.18.0237;FITA PP AR9 45 TR 048X1200 - PERSONALIZADA;1200;48;57,6;;40,11503049;Fita PP;33;10
30.10.10.18.0245;FITA PP AR9 45 TR 072X100 - PERSONALIZADA;100;72;7,2;;5,381592624;Fita PP;33;10
30.10.10.18.0250;FITA PP AR9 45 TR 048X045 - PERSONALIZADA;45;48;2,16;;1,622212812;Fita PP;33;10
30.10.10.18.0252;FITA PP AR9 45 TR 144X1000 - PERSONALIZADA;1000;144;144;;100,5052061;Fita PP;33;10
30.10.10.18.0255;FITA PP AR9 45 TR 024X090 - PERSONALIZADA;90;24;2,16;;1,620796293;Fita PP;33;10
30.10.10.18.0272;FITA PP AR9 45 TR 144X1200 - PERSONALIZADO;1200;144;172,8;;120,3450915;Fita PP;33;10
30.10.10.19.0197;FITA PP AR9 45 VD 048X050 - M;50;48;2,4;;1,950890296;Fita PP;33;10
30.10.10.19.0198;FITA PP AR9 45 VD 048X100 - M;100;48;4,8;;3,784845701;Fita PP;33;10
30.10.10.21.0203;FITA PP AR9 45 VM 024X100 - M;100;24;2,4;;1,955754768;Fita PP;33;10
30.10.10.21.0205;FITA PP AR9 45 VM 048X100 - M;100;48;4,8;;3,784845701;Fita PP;33;10
30.10.10.21.0212;FITA PP AR9 45 VM 048X050 - PERSONALIZADA;50;48;2,4;;1,950890296;Fita PP;33;10
30.10.10.21.0219;FITA PP AR9 45 VM 048X1200 - M;1200;48;57,6;;44,00040393;Fita PP;33;10
30.10.20.13.0258;FITA PP AS 50 TR 024X100 - M;100;24;2,4;;2,776777976;Fita PP;33;10
30.10.20.13.0260;FITA PP AS 50 TR 036X100 - M;100;36;3,6;;4,165166965;Fita PP;33;10
30.10.20.13.0264;FITA PP AS 50 TR 048X050 - M;50;48;2,4;;2,771913504;Fita PP;33;10
30.10.20.13.0267;FITA PP AS 50 TR 048X1000 - M;1000;48;48;;53,16001072;Fita PP;33;10
30.10.20.13.0268;FITA PP AS 50 TR 048X1200 - M;1200;48;57,6;;63,70496092;Fita PP;33;10
30.10.20.13.0276;FITA PP AS 50 TR 072X1200 - M;1200;72;86,4;;98,34223478;Fita PP;33;10
30.10.20.13.0279;FITA PP AS 50 TR 096X100 - M;100;96;9,6;;11,10502391;Fita PP;33;10
30.10.20.13.0281;FITA PP AS 50 TR 144X100 - M;100;144;14,4;;16,28067635;Fita PP;33;10
30.10.20.13.0284;FITA PP AS 50 TR 144X1200 - M;1200;144;172,8;;191,1148828;Fita PP;33;10
30.10.20.13.0293;FITA PP AS 50 TR 072X100 - PERSONALIZADA;100;72;7,2;;8,330333929;Fita PP;33;10
30.10.30.12.0010;FITA PP HM 40 HA 024X050 - M;50;24;1,2;;1,059214027;Fita PP;33;10
30.10.30.12.0012;FITA PP HM 40 HA 036X100 - M;100;36;3,6;;3,089157912;Fita PP;33;10
30.10.30.12.0014;FITA PP HM 40 HA 048X050 - M;50;48;2,4;;2,054574136;Fita PP;33;10
30.10.30.12.0016;FITA PP HM 40 HA 048X100 - M;100;48;4,8;;3,992213381;Fita PP;33;10
30.10.30.12.0020;FITA PP HM 40 HA 072X100 - M;100;72;7,2;;6,178315824;Fita PP;33;10
30.10.30.12.0021;FITA PP HM 40 HA 096X100 - M;100;96;9,6;;8,235666432;Fita PP;33;10
30.10.30.12.0022;FITA PP HM 40 HA 144X100 - M;100;144;14,4;;11,97664014;Fita PP;33;10
30.10.30.12.0123;FITA PP HM 40 HA 072X100 - PERSONALIZADA;100;72;7,2;;6,178315824;Fita PP;33;10
30.10.30.13.0077;FITA PP HM 40 TR 024X100 - M;100;24;2,4;;2,059438608;Fita PP;33;10
30.10.30.13.0081;FITA PP HM 40 TR 036X100 - M;100;36;3,6;;3,089157912;Fita PP;33;10
30.10.30.13.0086;FITA PP HM 40 TR 048X050 - M;50;48;2,4;;2,054574136;Fita PP;33;10
30.10.30.13.0087;FITA PP HM 40 TR 048X090 - M;90;48;4,32;;3,605524654;Fita PP;33;10
30.10.30.13.0092;FITA PP HM 40 TR 048X1500 - M;1500;48;72;;58,00220518;Fita PP;33;10
30.10.30.13.0093;FITA PP HM 40 TR 072X050 - M;50;72;3,6;;3,17764208;Fita PP;33;10
30.10.30.13.0097;FITA PP HM 40 TR 072X1200 - M;1200;72;86,4;;72,51801752;Fita PP;33;10
30.10.30.13.0100;FITA PP HM 40 TR 096X100 - M;100;96;9,6;;8,235666432;Fita PP;33;10
30.10.30.13.0106;FITA PP HM 40 TR 144X1200 - M;1200;144;172,8;;139,4664483;Fita PP;33;10
30.10.30.13.0122;FITA PP HM 40 TR 048X050 - PERSONALIZADA;50;48;2,4;;2,054574136;Fita PP;33;10
30.10.30.13.0125;FITA PP HM 40 TR 048X100 - PERSONALIZADA;100;48;4,8;;3,992213381;Fita PP;33;10
30.10.30.13.0131;FITA PP HM 40 TR 072X100 - PERSONALIZADA;100;72;7,2;;6,178315824;Fita PP;33;10
30.10.30.13.0139;FITA PP HM 40 TR 048X300 - M ;300;48;14,4;;11,73749221;Fita PP;33;10
30.10.30.15.0003;FITA PP HM 45 HA 024X100 - M;100;24;2,4;;2,246638608;Fita PP;33;10
30.10.30.15.0005;FITA PP HM 45 HA 048X100 - M;100;48;4,8;;4,366613381;Fita PP;33;10
30.10.30.15.0006;FITA PP HM 45 HA 048X1200 - M;1200;48;57,6;;50,98161609;Fita PP;33;10
30.10.30.15.0008;FITA PP HM 45 HA 072X100 - M;100;72;7,2;;6,739915824;Fita PP;33;10
30.10.30.15.0010;FITA PP HM 45 HA 072X1200 - M;1200;72;86,4;;79,25721752;Fita PP;33;10
30.10.30.15.0012;FITA PP HM 45 HA 048X050 - M;50;48;2,4;;2,241774136;Fita PP;33;10
30.10.30.15.0015;FITA PP HM 45 HA 096X100 - M;100;96;9,6;;8,984466432;Fita PP;33;10
30.10.30.15.0018;FITA PP HM 45 HA 048X050 - PERSONALIZADA;50;48;2,4;;2,241774136;Fita PP;33;10
30.10.30.15.0020;FITA PP HM 45 HA 048X100 - PERSONALIZADA;100;48;4,8;;4,366613381;Fita PP;33;10
30.10.30.15.0022;FITA PP HM 45 HA 048X1200 - PERSONALIZADA;1200;48;57,6;;50,98161609;Fita PP;33;10
30.10.30.15.0024;FITA PP HM 45 HA 072X100 - PERSONALIZADA;100;72;7,2;;6,739915824;Fita PP;33;10
30.10.30.15.0025;FITA PP HM 45 HA 048X090 - PERSONALIZADA;90;48;4,32;;3,942484654;Fita PP;33;10
30.10.30.16.0026;FITA PP HM 45 TR 036X100 - M;100;36;3,6;;3,369957912;Fita PP;33;10
30.10.30.16.0027;FITA PP HM 45 TR 036X1200 - M;1200;36;43,2;;39,62860876;Fita PP;33;10
30.10.30.16.0028;FITA PP HM 45 TR 048X050 - M;50;48;2,4;;2,241774136;Fita PP;33;10
30.10.30.16.0035;FITA PP HM 45 TR 072X050 - M;50;72;3,6;;3,45844208;Fita PP;33;10
30.10.30.16.0036;FITA PP HM 45 TR 072X100 - M;100;72;7,2;;6,739915824;Fita PP;33;10
30.10.30.16.0037;FITA PP HM 45 TR 072X1200 - M;1200;72;86,4;;79,25721752;Fita PP;33;10
30.10.30.16.0038;FITA PP HM 45 TR 096X100 - M;100;96;9,6;;8,984466432;Fita PP;33;10
30.10.30.16.0041;FITA PP HM 45 TR 144X1200 - M;1200;144;172,8;;152,9448483;Fita PP;33;10
30.10.30.16.0052;FITA PP HM 45 TR 036X100 - PERSONALIZADA;100;36;3,6;;3,369957912;Fita PP;33;10
30.10.30.16.0055;FITA PP HM 45 TR 048X050 - PERSONALIZADA;50;48;2,4;;2,241774136;Fita PP;33;10
30.10.30.16.0057;FITA PP HM 45 TR 048X100 - PERSONALIZADA;100;48;4,8;;4,366613381;Fita PP;33;10
30.10.30.16.0059;FITA PP HM 45 TR 048X1200 - PERSONALIZADA;1200;48;57,6;;50,98161609;Fita PP;33;10
30.10.30.16.0062;FITA PP HM 45 TR 072X050 - PERSONALIZADA;50;72;3,6;;3,45844208;Fita PP;33;10
30.10.30.16.0064;FITA PP HM 45 TR 048X1000 - PERSONALIZADA;1000;48;48;;42,55722336;Fita PP;33;10
30.10.30.16.0065;FITA PP HM 45 TR 048X1500 - PERSONALIZADA;1500;48;72;;63,61820518;Fita PP;33;10
30.10.30.16.0073;FITA PP HM 45 TR 018X100 - M;100;18;1,8;;1,684978956;Fita PP;33;10
30.10.10.16.0114;FITA PP AR9 45 HA 144X100 - M;100;144;14,4;;11,3545371;Fita PP;33;10
30.10.10.12.0071;FITA PP AA 40 TR 024X040 - M;40;24;0,96;;0,661506111;Fita PP;33;10
30.10.10.13.0088;FITA PP AR9 45 AM 096X100 - M;100;96;9,6;;7,820931072;Fita PP;33;10
30.10.10.15.0106;FITA PP AR9 45 BR 072X100 - M;100;72;7,2;;5,867264304;Fita PP;33;10
30.10.10.12.0154 ;FITA PP AA 40 TR 012X200 – M;200;12;2,4;;1,534230378;Fita PP;33;10
30.10.30.14.0084;FITA PP HM 45 BR 144X1200 - M;1200;144;172,8;;167,8609443;Fita PP;33;10
30.10.10.21.0204;FITA PP AR9 45 VM 048X050 - M;50;48;2,4;;1,950890296;Fita PP;33;10
30.10.10.11.0044;FITA PP AA 40 HA 048X045 - PERSONALIZADA;45;48;2,16;;1,415544012;Fita PP;33;10
30.10.10.14.0085;FITA PP AR9 45 AZ 096X100 - M;100;96;9,6;;7,820931072;Fita PP;33;10
30.10.10.12.0145;FITA PP AA 40 TR 192X100 - M;100;192;19,2;;12,50968166;Fita PP;33;10
30.10.10.13.0072;FITA PP AR9 45 AM 024X100 - M;100;24;2,4;;1,955754768;Fita PP;33;10
30.10.20.13.0287;FITA PP AS 50 TR 072X1000 - M;1000;72;72;;82,06067724;Fita PP;33;10
30.10.10.19.0196;FITA PP AR9 45 VD 024X100 - M;100;24;2,4;;1,955754768;Fita PP;33;10
30.10.10.12.0156;FITA PP AA 40 TR 245X1200 - M;1200;245;294;;186,2690347;Fita PP;33;10
30.10.10.12.0045;FITA PP AA 40 TR 048X1000 - M;1000;48;48;;28,90909536;Fita PP;33;10
30.10.10.12.0077;FITA PP AA 40 TR 072X080 - M;80;72;5,76;;3,792068332;Fita PP;33;10
30.10.10.16.0141;FITA PP AR9 45 HA 072X090 - M;90;72;6,48;;5,29949339;Fita PP;33;10
30.10.30.13.0083;FITA PP HM 40 TR 036X1200 - M;1200;36;43,2;;36,25900876;Fita PP;33;10
30.10.10.18.0174;FITA PP AR9 45 TR 096X1200 - M;1200;96;115,2;;83,83588896;Fita PP;33;10
30.10.10.18.0275;FITA PP AR9 45 TR 096X1200 - PERSONALIZADA;1200;96;115,2;;83,83588896;Fita PP;33;10
30.10.10.18.0253;FITA PP AR9 45 TR 012X050 - PERSONALIZADA;50;12;0,6;;0,463213413;Fita PP;33;10
30.10.10.16.0150;FITA PP AR9 45 HA 048X085 - PERSONALIZADA;85;48;4,08;;3,235917763;Fita PP;33;10
30.10.10.18.0159;FITA PP AR9 45 TR 048X900 - M;900;48;43,2;;30,19508779;Fita PP;33;10
30.10.30.13.0089;FITA PP HM 40 TR 048X1000 - M;1000;48;48;;38,81322336;Fita PP;33;10
30.10.10.12.0124;FITA PP AA 40 TR 024X200 - M ;200;24;4,8;;3,069637047;Fita PP;33;10
30.10.10.12.0061;FITA PP AA 40 TR 096X1200 - M;1200;96;115,2;;72,81355296;Fita PP;33;10
30.10.10.12.0171;FITA PP AA 40 TR 036X1000 - M;1000;36;36;;22,8421521;Fita PP;33;10
30.10.10.12.0074;FITA PP AA 40 TR 240X1200 - M;1200;240;288;;182,5164168;Fita PP;33;10
30.10.10.12.0168;FITA PP AA 40 TR 018X200 - M;200;18;3,6;;2,30658547;Fita PP;33;10
30.10.30.13.0085;FITA PP HM 40 TR 048X045 - M;45;48;2,16;;1,861229772;Fita PP;33;10
30.10.30.16.0024;FITA PP HM 45 TR 024X100 - M;100;24;2,4;;2,246638608;Fita PP;33;10
30.10.71.01.0002;FITA PP BRC 50 TR 048X100 - M;100;48;4,8;;7,112213381;Fita PP;33;10
30.10.30.13.0142;FITA PP HM 40 TR 048X400 - M;400;48;19,2;;15,61378119;Fita PP;33;10
30.10.10.18.0197;FITA PP AR9 45 TR 288X1200 - M;1200;288;345,6;;240,6901829;Fita PP;33;10
30.10.10.11.0021;FITA PP AA 40 HA 072X100 - PERSONALIZADA;100;72;7,2;;4,692696624;Fita PP;33;10
30.10.10.11.0051;FITA PP AA 40 HA 048X100 - PERSONALIZADA;100;48;4,8;;3,001800581;Fita PP;33;10
30.10.10.11.0086;FITA PP AA 40 HA 072X090 - PERSONALIZADA;90;72;6,48;;4,242382478;Fita PP;33;10
30.10.10.11.0093;FITA PP AA 40 HA 036X050;50;36;1,8;;1,21741624;Fita PP;33;10
30.10.10.12.0050;FITA PP AA 40 TR 048X400 - M;400;48;19,2;;11,65212999;Fita PP;33;10
30.10.10.12.0104;FITA PP AA 40 TR 018X050 - PERSONALIZADA;50;18;0,9;;0,60870812;Fita PP;33;10
30.10.10.12.0106;FITA PP AA 40 TR 018X100 - PERSONALIZADA;100;18;1,8;;1,173174156;Fita PP;33;10
30.10.10.12.0120;FITA PP AA 40 TR 072X100 - PERSONALIZADA;100;72;7,2;;4,692696624;Fita PP;33;10
30.10.10.12.0123;FITA PP AA 40 TR 024X090 - PERSONALIZADA;90;24;2,16;;1,414127493;Fita PP;33;10
30.10.10.12.0130;FITA PP AA 40 TR 012X050 - PERSONALIZADA;50;12;0,6;;0,405805413;Fita PP;33;10
30.10.10.12.0170;FITA PP AA 40 TR 072X085 - PERSONALIZADA;85;72;6,12;;4,017225405;Fita PP;33;10
30.10.10.12.0172;FITA PP AA 40 TR 024X600 - M;600;24;14,4;;9,103447019;Fita PP;33;10
30.10.10.12.0174;FITA PP AA 40 TR 096X090 - PERSONALIZADA;90;96;8,64;;5,654421971;Fita PP;33;10
30.10.10.12.0175;FITA PP AA 40 TR 036X400 - M;400;36;14,4;;9,152515019;Fita PP;33;10
30.10.10.13.0092;FITA PP AR9 45 AM 048X1000 - PERSONALIZADA;1000;48;48;;36,73954656;Fita PP;33;10
30.10.10.14.0086;FITA PP AR9 45 AZ 048X1200 - M;1200;48;57,6;;44,00040393;Fita PP;33;10
30.10.10.14.0096;FITA PP AR9 45 AZ 048X080 - PERSONALIZADA;80;48;3,84;;3,052941783;Fita PP;33;10
30.10.10.15.0102;FITA PP AR9 45 BR 048X100 - PERSONALIZADA;100;48;4,8;;3,784845701;Fita PP;33;10
30.10.10.15.0110;FITA PP AR9 45 BR 048X1200 - PERSONALIZADA;1200;48;57,6;;44,00040393;Fita PP;33;10
30.10.10.15.0111;FITA PP AR9 45 BR 072X1200 - PERSONALIZADA;1200;72;86,4;;68,78539928;Fita PP;33;10
30.10.10.15.0114;FITA PP AR9 45 BR 030X1200 - PERSONALIZADA;1200;30;36;;28,7149905;Fita PP;33;10
30.10.10.17.0131;FITA PP AR9 45 LJ 024X100 - M;100;24;2,4;;1,955754768;Fita PP;33;10
30.10.10.18.0165;FITA PP AR9 45 TR 072X090 - M;90;72;6,48;;4,862388878;Fita PP;33;10
30.10.10.18.0235;FITA PP AR9 45 TR 048X1000 - PERSONALIZADA;1000;48;48;;33,50173536;Fita PP;33;10
30.10.10.18.0276;FITA PP AR9 45 TR 072X090 - PERSONALIZADA;90;72;6,48;;4,862388878;Fita PP;33;10
30.10.10.19.0212;FITA PP AR9 45 VD 048X040 - PERSONALIZADA;40;48;1,92;;1,584938337;Fita PP;33;10
30.10.10.21.0221;FITA PP AR9 45 VM 048X040 - PERSONALIZADA;40;48;1,92;;1,584938337;Fita PP;33;10
30.10.10.21.0222;FITA PP AR9 45 VM 048X080 - PERSONALIZADA;80;48;3,84;;3,052941783;Fita PP;33;10
30.10.20.13.0294;FITA PP AS 50 TR 048X100 - PERSONALIZADA;100;48;4,8;;5,426892118;Fita PP;33;10
30.10.30.12.0023;FITA PP HM 40 HA 144X1200 - M;1200;144;172,8;;139,4664483;Fita PP;33;10
30.10.30.13.0124;FITA PP HM 40 TR 048X090 - PERSONALIZADA;90;48;4,32;;3,605524654;Fita PP;33;10
30.10.10.11.0042;FITA PP AA 40 HA 048X040 - PERSONALIZADA;40;48;1,92;;1,271720289;Fita PP;33;10
30.10.10.11.0095;FITA PP AA 40 HA 288X1200 - M;1200;288;345,6;;207,6231749;Fita PP;33;10
30.10.10.12.0069;FITA PP AA 40 TR 192X1200 - M;1200;192;230,4;;146,2704851;Fita PP;33;10
30.10.10.13.0078;FITA PP AR9 45 AM 048X1200 - M;1200;48;57,6;;44,44200393;Fita PP;33;10
30.10.10.15.0113;FITA PP AR9 45 BR 096X600 - M;600;96;57,6;;46,02411792;Fita PP;33;10
30.10.10.16.0093;FITA PP AR9 45 HA 024X050 - M;50;24;1,2;;1,007372107;Fita PP;33;10
30.10.10.16.0100;FITA PP AR9 45 HA 048X045 - PERSONALIZADA;45;48;2,16;;1,767914316;Fita PP;33;10
30.10.10.16.0107;FITA PP AR9 45 HA 048X1200 - M;1200;48;57,6;;44,00040393;Fita PP;33;10
30.10.10.16.0111;FITA PP AR9 45 HA 072X1200 - M;1200;72;86,4;;68,78539928;Fita PP;33;10
30.10.10.17.0132;FITA PP AR9 45 LJ 072X1200 - M;1200;72;86,4;;68,78539928;Fita PP;33;10
30.10.10.18.0189;FITA PP AR9 45 TR 192X1200 - M;1200;192;230,4;;168,3151571;Fita PP;33;10
30.10.10.18.0277;FITA PP AR9 45 TR 024X600 - M;600;24;14,4;;10,48123902;Fita PP;33;10
30.10.10.21.0224;FITA PP AR9 45 VM 072X1200 - M;1200;72;86,4;;68,78539928;Fita PP;33;10
30.10.30.13.0149;FITA PP HM 40 TR 072X090 - M;90;72;6,48;;5,579439758;Fita PP;33;10
30.10.71.01.0003;FITA PP BRC 50 TR 072X100 - M;100;72;7,2;;10,85831582;Fita PP;33;10
30.10.71.01.0004;FITA PP BRC 50 TR 072X1200 - M;1200;72;86,4;;128,6780175;Fita PP;33;10
30.10.10.12.0154;FITA PP AA 40 TR 012X200 - M;200;12;2,4;;1,534230378;Fita PP;33;10
30.10.10.21.0202;FITA PP AR9 45 VM 024X050 - M;50;24;1,2;;1,007372107;Fita PP;33;10
30.10.10.12.0154;FITA PP AA 40 TR 012X200 - M;200;12;2,4;;1,534230378;Fita PP;33;10
30.10.10.12.0173;FITA PP AA 40 TR 120X500 - M;500;120;60;;36,89807371;Fita PP;33;10
30.10.10.13.0075;FITA PP AR9 45 AM 072X1200 - M;1200;72;86,4;;68,78539928;Fita PP;33;10
30.10.10.14.0097;FITA PP AR9 45 AZ 072X1200 - M;1200;72;86,4;;68,78539928;Fita PP;33;10
30.10.10.15.0089;FITA PP AR9 45 BR 072X1200 - M;1200;72;86,4;;68,78539928;Fita PP;33;10
30.10.10.15.0108;FITA PP AR9 45 BR 168X1200 - M;1200;168;201,6;;160,5024351;Fita PP;33;10
30.10.10.21.0202;FITA PP AR9 45 VM 024X050 - M;50;24;1,2;;1,007372107;Fita PP;33;10
30.10.10.21.0223;FITA PP AR9 45 VM 036X1200 - M;1200;36;43,2;;34,39269964;Fita PP;33;10
30.10.10.12.0070;FITA PP AA 40 TR 288X1200 - M;1200;288;345,6;;207,6231749;Fita PP;33;10
30.10.30.16.0075;FITA PP HM 45 TR 072X100 - PERSONALIZADA;100;72;7,2;;6,739915824;Fita PP;33;10
20.10.10.20.0022;JUMBINHO FITA PP (LJ) 144X1200 AR9 45 ;1200;144;172,8;;132,0012118;Fita PP;33;10
20.10.10.20.0023;JUMBINHO FITA PP (VD) 144X1200 AR9 45 ;1200;144;172,8;;132,0012118;Fita PP;33;10
20.10.10.20.0024;JUMBINHO FITA PP (VM) 144X1200 AR9 45 ;1200;144;172,8;;132,0012118;Fita PP;33;10
20.10.10.61.0007;JUMBINHO FITA PP (HA) 144X1200-HOT MELT 45;1200;144;172,8;;152,9448483;Fita PP;33;10
30.10.10.12.0182;FITA PP AA 40 TR 048X095 - PERSONALIZADA;95;48;4,56;;2,857976858;Fita PP;33;10
30.10.30.12.0125;FITA PP HM 40 HA 048X080 - M;80;48;3,84;;3,218835927;Fita PP;33;10
30.10.71.01.0005;FITA PP BRC 50 TR 048X1200 - M;1200;48;57,6;;83,92881609;Fita PP;33;10
60.13.01.01.0004;FITA PP AA 40 TR 048X100 MANAUS;100;48;4,8;;3,001800581;Fita PP revenda;40;10
30.10.10.12.0023;FITA PP AA 40 TR 018X045 - M;45;18;0,81;;0,552418852;Fita PP;33;10
30.10.30.18.0001;FITA PP HM 45 VM 048X1200 - M;1200;48;57,6;;55,95364809;Fita PP;33;10
60.13.01.02.0004;FITA PP AR9 45 TR 048X100 MANAUS;100;48;4,8;;3,461064581;Fita PP revenda;40;10
60.13.01.02.0002;FITA PP AR9 45 TR 048X1200 MANAUS;1200;48;57,6;;40,11503049;Fita PP revenda;40;10
30.10.30.14.0098;FITA PP HM 45 VM 048X100 - M;100;48;4,8;;4,780949381;Fita PP;33;10
60.13.01.01.0017;FITA PP AA 40 TR 048X100 - PERSONALIZADA;100;48;4,8;;3,001800581;Fita PP revenda;40;10
60.13.01.03.0002;FITA PP AA 40 HA 048X080 MANAUS;80;48;3,84;;2,426505687;Fita PP revenda;40;10
30.10.30.18.0003;FITA PP HM 45 VM 048X050 - M;50;48;2,4;;2,448942136;Fita PP;33;10
60.13.01.01.0001;FITA PP AA 40 TR 048X045 MANAUS;45;48;2,16;;1,415544012;Fita PP revenda;40;10
30.10.30.12.0015;FITA PP HM 40 HA 048X090 - M;90;48;4,32;;3,605524654;Fita PP;33;10
60.13.01.01.0002;FITA PP AA 40 TR 048X050 MANAUS;50;48;2,4;;1,559367736;Fita PP revenda;40;10
30.10.30.13.0146;FITA PP HM 40 TR 048X1200 - PERSONALIZADA;1200;48;57,6;;46,48881609;Fita PP;33;10
60.13.01.01.0016;FITA PP AA 40 TR 048X050 - PERSONALIZADA;50;48;2,4;;1,559367736;Fita PP revenda;40;10
60.13.01.03.0006;FITA PP AA 40 HA 048X040 - MANAUS;40;48;1,92;;1,271720289;Fita PP revenda;40;10
30.10.10.21.0225;FITA PP AR9 45 VM 072X100 - M;100;72;7,2;;5,867264304;Fita PP;33;10
30.10.10.13.0094;FITA PP AR9 45 AM 072X100 - M;100;72;7,2;;5,867264304;Fita PP;33;10
30.10.10.15.0115;FITA PP AR9 45 BR 120X600 - M;600;120;72;;55,76220942;Fita PP;33;10
60.13.01.02.0010;FITA PP AR9 45 TR 048X100 - PERSONALIZADA;100;48;4,8;;3,461064581;Fita PP revenda;40;10
60.13.01.03.0007;FITA PP AA 40 HA 048X045 PERSONALIZADA;45;48;2,16;;1,415544012;Fita PP revenda;40;10
60.13.01.03.0008;FITA PP AA 40 HA 048X100 PERSONALIZADA;100;48;4,8;;3,001800581;Fita PP revenda;40;10
30.10.30.14.0099;FITA PP HM 45 VM 024X100 - M;100;24;2,4;;2,453806608;Fita PP;33;10
30.10.10.12.0176;FITA PP AA 40 TR 012X040 - M;40;12;0,48;;0,330753056;Fita PP;33;10
60.13.02.01.0006;FITA PP HM 40 TR 048X1200 MANAUS;1200;48;57,6;;46,48881609;Fita PP revenda;40;10
60.13.01.01.0015;FITA PP AA 40 TR 144x1200 MANAUS;1200;144;172,8;;103,8115875;Fita PP revenda;40;10
30.10.10.12.0115;FITA PP AA 40 TR 048X1200 - PERSONALIZADA;1200;48;57,6;;34,60386249;Fita PP;33;10
60.13.01.02.0009;FITA PP AR9 45 TR 144X1200 MANAUS;1200;144;172,8;;120,3450915;Fita PP revenda;40;10
60.13.01.01.0010;FITA PP AA 40 TR 048X090 MANAUS;90;48;4,32;;2,714153134;Fita PP revenda;40;10
30.10.10.15.0116;FITA PP AR9 45 TR 096X600 - M;600;96;57,6;;42,29958927;Fita PP;33;10
30.10.10.15.0117;FITA PP AR9 45 TR 120X600 - M;600;120;72;;50,90549262;Fita PP;33;10
30.10.30.16.0076;FITA PP HM 45 TR 288X1200 - M;1200;288;345,6;;305,8896965;Fita PP;33;10
60.13.01.02.0007;FITA PP AR9 45 TR 048X050 MANAUS;50;48;2,4;;1,788999736;Fita PP revenda;40;10
30.10.10.18.0280;FITA PP AR9 45 TR 048X914 - M;914;48;43,872;;30,65801845;Fita PP;33;10
30.10.30.12.0127;FITA PP HM 40 HA 024X100 - M;100;24;2,4;;2,059438608;Fita PP;33;10
60.13.01.01.0012;FITA PP AA 40 TR 048X1200 MANAUS;1200;48;57,6;;34,60386249;Fita PP revenda;40;10
60.13.01.03.0003;FITA PP AA 40 HA 048X100 MANAUS;100;48;4,8;;3,001800581;Fita PP revenda;40;10
30.10.10.12.1015;FITA PP AA 40 TR 048X045 - PERSONALIZADA;45;48;2,16;;1,415544012;Fita PP;33;10
30.10.10.14.0084;FITA PP AR9 45 AZ 144X1200 - M;1200;144;172,8;;132,0012118;Fita PP;33;10
30.10.10.12.0084;FITA PP AA 40 TR 024X045 - M;45;24;1,08;;0,736558469;Fita PP;33;10
30.10.10.12.1006;FITA PP AA 40 TR 048X100 - M;100;48;4,8;;3,001800581;Fita PP;33;10
30.10.30.16.1002;FITA PP HM 45 TR 048X100 - M;100;48;4,8;;4,366613381;Fita PP;33;10
30.10.10.11.1003;FITA PP AA 40 HA 048X050 - M;50;48;2,4;;1,559367736;Fita PP;33;10
30.10.10.12.1001;FITA PP AA 40 TR 048X040 - M;40;48;1,92;;1,271720289;Fita PP;33;10
30.10.10.12.1003;FITA PP AA 40 TR 048X050 - M;50;48;2,4;;1,559367736;Fita PP;33;10
30.10.30.13.1004;FITA PP HM 40 TR 048X100 - M;100;48;4,8;;3,992213381;Fita PP;33;10
30.10.10.18.1005;FITA PP AR9 45 TR 048X100 - M;100;48;4,8;;3,461064581;Fita PP;33;10
30.10.10.11.1006;FITA PP AA 40 HA 048X100 - M;100;48;4,8;;3,001800581;Fita PP;33;10
30.10.30.13.1005;FITA PP HM 40 TR 048X1200 - M;1200;48;57,6;;46,48881609;Fita PP;33;10
30.10.10.12.1008;FITA PP AA 40 TR 048X1200 - M;1200;48;57,6;;34,60386249;Fita PP;33;10
30.10.20.13.1003;FITA PP AS 50 TR 048X1200 - M;1200;48;57,6;;63,70496092;Fita PP;33;10
30.10.10.18.1007;FITA PP AR9 45 TR 048X1200 - M;1200;48;57,6;;40,11503049;Fita PP;33;10
30.10.10.12.1011;FITA PP AA 40 TR 048X090 - M;90;48;4,32;;2,714153134;Fita PP;33;10
30.10.20.13.1005;FITA PP AS 50 TR 144X1200 - M;1200;144;172,8;;191,1148828;Fita PP;33;10
30.10.10.16.1002;FITA PP AR9 45 HA 144X1200 - M;1200;144;172,8;;132,0012118;Fita PP;33;10
30.10.20.13.1001;FITA PP AS 50 TR 048X100 - M;100;48;4,8;;5,426892118;Fita PP;33;10
30.10.30.16.1003;FITA PP HM 45 TR 048X1200 - M;1200;48;57,6;;50,98161609;Fita PP;33;10
30.10.10.18.1002;FITA PP AR9 45 TR 048X050 - M;50;48;2,4;;1,788999736;Fita PP;33;10
30.10.30.13.1002;FITA PP HM 40 TR 048X050 - M;50;48;2,4;;2,054574136;Fita PP;33;10
30.10.20.13.1013;FITA PP AS 50 TR 048X050 - M;50;48;2,4;;2,771913504;Fita PP;33;10
30.10.10.12.1002;FITA PP AA 40 TR 048X045 - M;45;48;2,16;;1,415544012;Fita PP;33;10
30.10.10.12.1014;FITA PP AA 40 TR 048X100 - PERSONALIZADA;100;48;4,8;;3,001800581;Fita PP;33;10
30.10.10.12.1016;FITA PP AA 40 TR 048X050 - PERSONALIZADA;50;48;2,4;;1,559367736;Fita PP;33;10
60.13.02.01.0002;FITA PP HM 40 TR 048X100 MANAUS;100;48;4,8;;3,992213381;Fita PP revenda;40;10
30.10.10.18.1008;FITA PP AR9 45 TR 144X1200 - M;1200;144;172,8;;120,3450915;Fita PP;33;10
30.10.10.11.1015;FITA PP AA 40 HA 072X080 - M;80;72;5,76;;3,792068332;Fita PP;33;10
30.10.10.16.1001;FITA PP AR9 45 HA 048X100 - M;100;48;4,8;;3,784845701;Fita PP;33;10
30.10.10.11.1004;FITA PP AA 40 HA 048X080 - M;80;48;3,84;;2,426505687;Fita PP;33;10
30.10.10.12.1009;FITA PP AA 40 TR 144X1200 - M;1200;144;172,8;;103,8115875;Fita PP;33;10
30.10.10.12.1005;FITA PP AA 40 TR 048X090 - PERSONALIZADA;90;48;4,32;;2,714153134;Fita PP;33;10
30.10.10.12.1013;FITA PP AA 40 TR 048X040 - PERSONALIZADA;40;48;1,92;;1,271720289;Fita PP;33;10
30.10.10.18.1015;FITA PP AR9 45 TR 048X045 - PERSONALIZADA;45;48;2,16;;1,622212812;Fita PP;33;10
30.10.10.18.1012;FITA PP AR9 45 TR 048X100 - PERSONALIZADA;100;48;4,8;;3,461064581;Fita PP;33;10
30.10.30.16.1004;FITA PP HM 45 TR 144X1200 - M;1200;144;172,8;;152,9448483;Fita PP;33;10
30.10.40.10.0091;FITA IMP AA 40 CFHA 048X100 - M;100;48;4,8;;4,586112025;Fita IMP;33;10
30.10.40.10.0056;FITA IMP AR9 45 CFAM 024X100 - M;100;24;2,4;;2,685100573;Fita IMP;33;10
30.10.40.10.0073;FITA IMP AR9 45 CFAM 036X100 - M;100;36;3,6;;4,027650859;Fita IMP;33;10
30.10.40.10.0053;FITA IMP AR9 45 CFAM 048X100 - M;100;48;4,8;;5,369157145;Fita IMP;33;10
30.10.40.10.0057;FITA IMP AR9 45 CFAM 048X1200 - M;1200;48;57,6;;63,36123216;Fita IMP;33;10
30.10.40.10.0052;FITA IMP AR9 45 CFAM 072X100 - M;100;72;7,2;;8,055301718;Fita IMP;33;10
30.10.40.10.0082;FITA IMP AR9 45 CFAM 096X100 - M;100;96;9,6;;10,73831429;Fita IMP;33;10
30.10.40.10.0067;FITA IMP AR9 45 CFAZ 036X100 - M;100;36;3,6;;4,027650859;Fita IMP;33;10
30.10.40.10.0068;FITA IMP AR9 45 CFAZ 048X100 - M;100;48;4,8;;5,369157145;Fita IMP;33;10
30.10.40.10.0078;FITA IMP AR9 45 CFAZ 048X1200 - M;1200;48;57,6;;63,36123216;Fita IMP;33;10
30.10.40.10.0077;FITA IMP AR9 45 CFAZ 072X100 - M;100;72;7,2;;8,055301718;Fita IMP;33;10
30.10.40.10.0002;FITA IMP AR9 45 CFB 024X100 - M ;100;24;2,4;;2,685100573;Fita IMP;33;10
30.10.40.10.0003;FITA IMP AR9 45 CFB 036X100 - M;100;36;3,6;;4,027650859;Fita IMP;33;10
30.10.40.10.0004;FITA IMP AR9 45 CFB 048X050 - M;50;48;2,4;;2,743046018;Fita IMP;33;10
30.10.40.10.0005;FITA IMP AR9 45 CFB 048X090 - M;90;48;4,32;;4,844774042;Fita IMP;33;10
30.10.40.10.0006;FITA IMP AR9 45 CFB 048X100 - M;100;48;4,8;;5,369157145;Fita IMP;33;10
30.10.40.10.0009;FITA IMP AR9 45 CFB 048X1200 - M;1200;48;57,6;;63,36123216;Fita IMP;33;10
30.10.40.10.0070;FITA IMP AR9 45 CFB 072X090 - M;90;72;6,48;;7,268727063;Fita IMP;33;10
30.10.40.10.0014;FITA IMP AR9 45 CFB 072X100 - M;100;72;7,2;;8,055301718;Fita IMP;33;10
30.10.40.10.0081;FITA IMP AR9 45 CFB 072X1200 - M;1200;72;86,4;;95,04184824;Fita IMP;33;10
30.10.40.10.0015;FITA IMP AR9 45 CFB 096X100 - M;100;96;9,6;;10,73831429;Fita IMP;33;10
30.10.40.10.0084;FITA IMP AR9 45 CFB 144X100 - M;100;144;14,4;;16,10747144;Fita IMP;33;10
30.10.40.10.0032;FITA IMP AR9 45 CFH 048X050 - M;50;48;2,4;;2,743046018;Fita IMP;33;10
30.10.40.10.0033;FITA IMP AR9 45 CFH 048X100 - M;100;48;4,8;;5,369157145;Fita IMP;33;10
30.10.40.10.0048;FITA IMP AR9 45 CFH 048X1200 - M;1200;48;57,6;;63,36123216;Fita IMP;33;10
30.10.40.10.0069;FITA IMP AR9 45 CFH 072X090 - M;90;72;6,48;;7,268727063;Fita IMP;33;10
30.10.40.10.0035;FITA IMP AR9 45 CFH 072X100 - M;100;72;7,2;;8,055301718;Fita IMP;33;10
30.10.40.10.0062;FITA IMP AR9 45 CFLJ 048X100 - M;100;48;4,8;;5,369157145;Fita IMP;33;10
30.10.40.10.0058;FITA IMP AR9 45 CFLJ 048X1200 - M;1200;48;57,6;;63,36123216;Fita IMP;33;10
30.10.40.10.0064;FITA IMP AR9 45 CFLJ 072X100 - M;100;72;7,2;;8,055301718;Fita IMP;33;10
30.10.40.10.0083;FITA IMP AR9 45 CFLJ 072X1200 - M;1200;72;86,4;;95,04184824;Fita IMP;33;10
30.10.40.10.0036;FITA IMP AR9 45 CFT 024X100 - M;100;24;2,4;;2,523210013;Fita IMP;33;10
30.10.40.10.0037;FITA IMP AR9 45 CFT 048X050 - M;50;48;2,4;;2,581155458;Fita IMP;33;10
30.10.40.10.0038;FITA IMP AR9 45 CFT 048X100 - M;100;48;4,8;;5,045376025;Fita IMP;33;10
30.10.40.10.0039;FITA IMP AR9 45 CFT 048X1200 - M;1200;48;57,6;;59,47585872;Fita IMP;33;10
30.10.40.10.0071;FITA IMP AR9 45 CFT 072X090 - M;90;72;6,48;;6,831622551;Fita IMP;33;10
30.10.40.10.0041;FITA IMP AR9 45 CFT 072X100 - M;100;72;7,2;;7,569630038;Fita IMP;33;10
30.10.40.10.0066;FITA IMP AR9 45 CFT 072X1200 - M;1200;72;86,4;;89,21378808;Fita IMP;33;10
30.10.40.10.0065;FITA IMP AR9 45 CFVD 048X100 - M;100;48;4,8;;5,369157145;Fita IMP;33;10
30.10.40.10.0060;FITA IMP AR9 45 CFVD 048X1200 - M;1200;48;57,6;;63,36123216;Fita IMP;33;10
30.10.40.10.0051;FITA IMP AR9 45 CFVD 072X100 - M;100;72;7,2;;8,055301718;Fita IMP;33;10
30.10.40.10.0074;FITA IMP AR9 45 CFVM 036X100 - M;100;36;3,6;;4,027650859;Fita IMP;33;10
30.10.40.10.0061;FITA IMP AR9 45 CFVM 048X100 - M;100;48;4,8;;5,369157145;Fita IMP;33;10
30.10.40.10.0059;FITA IMP AR9 45 CFVM 048X1200 - M;1200;48;57,6;;63,36123216;Fita IMP;33;10
30.10.40.10.0075;FITA IMP AR9 45 CFVM 072X100 - M;100;72;7,2;;8,055301718;Fita IMP;33;10
30.10.40.11.0090;FITA IMP AR9 45 GENER 048X050 (BR) CUIDADO FRAGIL ;50;48;2,4;;2,426064841;Fita IMP;33;10
30.10.40.11.0080;FITA IMP AR9 45 GENER 048X050 (HA) SELO SEGURANÇA;50;48;2,4;;2,426064841;Fita IMP;33;10
30.10.40.11.0082;FITA IMP AR9 45 GENER 048X050 (TR) CUIDADO FRAGIL ;50;48;2,4;;2,264174281;Fita IMP;33;10
30.10.40.11.0091;FITA IMP AR9 45 GENER 048X100 (BR) CUIDADO FRAGIL;100;48;4,8;;4,735194792;Fita IMP;33;10
30.10.40.11.0079;FITA IMP AR9 45 GENER 048X100 (HA) SELO SEGURANCA;100;48;4,8;;4,735194792;Fita IMP;33;10
30.10.40.11.0081;FITA IMP AR9 45 GENER 048X100 (TR) CUIDADO FRAGIL;100;48;4,8;;4,411413672;Fita IMP;33;10
30.10.40.11.0077;FITA IMP AR9 45 GENER 048X100 (TR) SELO SEGURANCA;100;48;4,8;;4,411413672;Fita IMP;33;10
30.10.40.11.0088;FITA IMP GENERICA 048X100 (HA) CUIDADO FRAGIL (INV);100;48;4,8;;5,731298472;Fita IMP;33;10
30.10.40.11.0078;FITA IMP HM 45 GENER 048X050 (BR) CUIDADO FRAGIL ;50;48;2,4;;2,924116681;Fita IMP;33;10
30.10.40.11.0075;FITA IMP HM 45 GENER 048X100 (BR) CUIDADO FRAGIL ;100;48;4,8;;5,731298472;Fita IMP;33;10
30.10.40.12.0098;FITA IMP AS 50 TR 024X100 - M;100;24;2,4;;3,189142604;Fita IMP;33;10
30.10.40.12.0100;FITA IMP AS 50 TR 036X100 - M;100;36;3,6;;4,783713907;Fita IMP;33;10
30.10.40.12.0104;FITA IMP AS 50 TR 048X050 - M;50;48;2,4;;3,24708805;Fita IMP;33;10
30.10.40.12.0106;FITA IMP AS 50 TR 048X100 - M;100;48;4,8;;6,377241209;Fita IMP;33;10
30.10.40.12.0107;FITA IMP AS 50 TR 048X1000 - M;1000;48;48;;62,95441072;Fita IMP;33;10
30.10.40.12.0108;FITA IMP AS 50 TR 048X1200 - M;1200;48;57,6;;75,45824092;Fita IMP;33;10
30.10.40.12.0110;FITA IMP AS 50 TR 072X050 - M;50;72;3,6;;4,872198074;Fita IMP;33;10
30.10.40.12.0111;FITA IMP AS 50 TR 072X100 - M;100;72;7,2;;9,567427813;Fita IMP;33;10
30.10.40.12.0112;FITA IMP AS 50 TR 072X1200 - M;1200;72;86,4;;113,1873614;Fita IMP;33;10
30.10.40.12.0114;FITA IMP AS 50 TR 096X100 - M;100;96;9,6;;12,75448242;Fita IMP;33;10
30.10.40.17.0184;FITA IMP HM 40 CFT  048X1200 - M;1200;48;57,6;;65,84964432;Fita IMP;33;10
30.10.40.17.0170;FITA IMP HM 45 CFB  036X100 - M;100;36;3,6;;4,774728619;Fita IMP;33;10
30.10.40.17.0172;FITA IMP HM 45 CFB  048X050 - M;50;48;2,4;;3,241097858;Fita IMP;33;10
30.10.40.17.0182;FITA IMP HM 45 CFB  048X090 - M;90;48;4,32;;5,741267354;Fita IMP;33;10
30.10.40.17.0173;FITA IMP HM 45 CFB  048X100 - M;100;48;4,8;;6,365260825;Fita IMP;33;10
30.10.40.17.0174;FITA IMP HM 45 CFB  048X1200 - M;1200;48;57,6;;75,31447632;Fita IMP;33;10
30.10.40.17.0175;FITA IMP HM 45 CFB  072X100 - M;100;72;7,2;;9,549457238;Fita IMP;33;10
30.10.40.17.0176;FITA IMP HM 45 CFB  072X1200 - M;1200;72;86,4;;112,9717145;Fita IMP;33;10
30.10.40.17.0183;FITA IMP HM 45 CFB  096X100 - M;100;96;9,6;;12,73052165;Fita IMP;33;10
30.10.40.17.0169;FITA IMP HM 45 CFB 024X100 - M;100;24;2,4;;3,183152413;Fita IMP;33;10
30.10.40.17.0144;FITA IMP HM 45 CFH  048X100 - M;100;48;4,8;;5,950924825;Fita IMP;33;10
30.10.40.17.0145;FITA IMP HM 45 CFH  048X1200 - M;1200;48;57,6;;70,34244432;Fita IMP;33;10
30.10.40.17.0147;FITA IMP HM 45 CFH  072X100 - M;100;72;7,2;;8,927953238;Fita IMP;33;10
30.10.40.17.0151;FITA IMP HM 45 CFT  024X100 - M;100;24;2,4;;2,975984413;Fita IMP;33;10
30.10.40.17.0154;FITA IMP HM 45 CFT  036X100 - M;100;36;3,6;;4,463976619;Fita IMP;33;10
30.10.40.17.0181;FITA IMP HM 45 CFT  036X1200 - M;1200;36;43,2;;52,75683324;Fita IMP;33;10
30.10.40.17.0157;FITA IMP HM 45 CFT  048X100 - M;100;48;4,8;;5,950924825;Fita IMP;33;10
30.10.40.17.0158;FITA IMP HM 45 CFT  048X1200 - M;1200;48;57,6;;70,34244432;Fita IMP;33;10
30.10.40.17.0160;FITA IMP HM 45 CFT  048X1500 - M;1500;48;72;;87,81924047;Fita IMP;33;10
30.10.40.17.0168;FITA IMP HM 45 CFT  072X090 - M;90;72;6,48;;8,054113431;Fita IMP;33;10
30.10.40.17.0162;FITA IMP HM 45 CFT  072X100 - M;100;72;7,2;;8,927953238;Fita IMP;33;10
30.10.40.17.0164;FITA IMP HM 45 CFT  072X1200 - M;1200;72;86,4;;105,5136665;Fita IMP;33;10
30.10.40.17.0179;FITA IMP HM 45 CFT 072X050 - M;50;72;3,6;;4,552460787;Fita IMP;33;10
30.10.40.20.0197;FITA IMP HM 40 TR 048X050 - M;50;48;2,4;;2,529748681;Fita IMP;33;10
30.10.40.20.0201;FITA IMP HM 40 TR 048X090 - M;90;48;4,32;;4,460838836;Fita IMP;33;10
30.10.40.20.0196;FITA IMP HM 40 TR 048X100 - M;100;48;4,8;;4,942562472;Fita IMP;33;10
30.10.40.20.0200;FITA IMP HM 40 TR 048X1200 - M;1200;48;57,6;;58,24209609;Fita IMP;33;10
30.10.40.20.0199;FITA IMP HM 40 TR 072X050 - M;50;72;3,6;;3,796189022;Fita IMP;33;10
30.10.40.20.0198;FITA IMP HM 40 TR 072X100 - M;100;72;7,2;;7,415409709;Fita IMP;33;10
30.10.40.20.0174;FITA IMP HM 45 TR 036X1200 - M;1200;36;43,2;;47,05117206;Fita IMP;33;10
30.10.40.20.0177;FITA IMP HM 45 TR 048X050 - M;50;48;2,4;;2,716948681;Fita IMP;33;10
30.10.40.20.0179;FITA IMP HM 45 TR 048X100 - M;100;48;4,8;;5,316962472;Fita IMP;33;10
30.10.40.20.0180;FITA IMP HM 45 TR 048X1200 - M;1200;48;57,6;;62,73489609;Fita IMP;33;10
30.10.40.20.0184;FITA IMP HM 45 TR 072X100 - M;100;72;7,2;;7,977009709;Fita IMP;33;10
30.10.40.20.0195;FITA IMP HM 45 TR 072X1000 - M;1000;72;72;;78,52743504;Fita IMP;33;10
30.10.40.20.0185;FITA IMP HM 45 TR 072X1200 - M;1200;72;86,4;;94,10234413;Fita IMP;33;10
30.10.40.20.0186;FITA IMP HM 45 TR 096X100 - M;100;96;9,6;;10,63392494;Fita IMP;33;10
30.10.40.25.0041;FITA IMP AA 40 HA 048X100 - M;100;48;4,8;;3,952149672;Fita IMP;33;10
30.10.40.25.0037;FITA IMP AA 40 TR  048X050 - M;50;48;2,4;;2,034542281;Fita IMP;33;10
30.10.40.25.0036;FITA IMP AA 40 TR  048X100 - M;100;48;4,8;;3,952149672;Fita IMP;33;10
30.10.40.25.0042;FITA IMP AA 40 TR  048X100 - PERSONALIZADA;100;48;4,8;;3,952149672;Fita IMP;33;10
30.10.40.25.0040;FITA IMP AA 40 TR  048X1200 - M;1200;48;57,6;;46,35714249;Fita IMP;33;10
30.10.40.25.0039;FITA IMP AA 40 TR  072X050 - M;50;72;3,6;;3,053379422;Fita IMP;33;10
30.10.40.25.0038;FITA IMP AA 40 TR  072X100 - M;100;72;7,2;;5,929790509;Fita IMP;33;10
30.10.40.25.0043;FITA IMP AR9 45 HA 048X050 - M;50;48;2,4;;2,426064841;Fita IMP;33;10
30.10.40.25.0043;FITA IMP AR9 45 HA 048X050 - M;50;48;2,4;;2,426064841;Fita IMP;33;10
30.10.40.25.0004;FITA IMP AR9 45 TR  024X100 - M;100;24;2,4;;2,206228836;Fita IMP;33;10
30.10.40.25.0007;FITA IMP AR9 45 TR  036X100 - M;100;36;3,6;;3,309343254;Fita IMP;33;10
30.10.40.25.0011;FITA IMP AR9 45 TR  048X050 - M;50;48;2,4;;2,264174281;Fita IMP;33;10
30.10.40.25.0033;FITA IMP AR9 45 TR  048X090 - M;90;48;4,32;;3,982804916;Fita IMP;33;10
30.10.40.25.0013;FITA IMP AR9 45 TR  048X100 - M;100;48;4,8;;4,411413672;Fita IMP;33;10
30.10.40.25.0035;FITA IMP AR9 45 TR  048X100 - PERSONALIZADA;100;48;4,8;;4,411413672;Fita IMP;33;10
30.10.40.25.0016;FITA IMP AR9 45 TR  048X1200 - M;1200;48;57,6;;51,86831049;Fita IMP;33;10
30.10.40.25.0017;FITA IMP AR9 45 TR  072X050 - M;50;72;3,6;;3,397827422;Fita IMP;33;10
30.10.40.25.0018;FITA IMP AR9 45 TR  072X090 - M;90;72;6,48;;5,975773374;Fita IMP;33;10
30.10.40.25.0019;FITA IMP AR9 45 TR  072X100 - M;100;72;7,2;;6,618686509;Fita IMP;33;10
30.10.40.25.0020;FITA IMP AR9 45 TR  072X1200 - M;1200;72;86,4;;77,80246573;Fita IMP;33;10
30.10.40.25.0022;FITA IMP AR9 45 TR  096X100 - M;100;96;9,6;;8,822827345;Fita IMP;33;10
30.10.40.20.xxxz;FITA IMP HM 40 TR 144X100 - M;100;144;14,4;;14,82768742;Fita IMP;33;10
30.10.40.20.xxxx;FITA IMP HM 45 TR 144X100 - M;100;144;14,4;;15,95088742;Fita IMP;33;10
30.10.40.12.xxxx;FITA IMP AS 50 TR 144X100 - M;100;144;14,4;;19,13172363;Fita IMP;33;10
30.10.40.17.0xxx;FITA IMP HM 40 CFT  048X100 - M;100;48;4,8;;5,576524825;Fita IMP;33;10
30.10.40.17.0xx2;FITA IMP HM 40 CFT  012X100 - M;100;12;1,2;;1,393343304;Fita IMP;33;10
30.10.40.25.0044;FITA IMP AA 40 TR  012X080 - M;80;12;0,96;;0,795908338;Fita IMP;33;10
30.10.40.25.0055;FITA IMP AA 40 TR  024X100 - M;100;24;2,4;;1,976596836;Fita IMP;33;10
30.10.40.11.00XX;FITA IMP AR9 45 GENER 144X1200 (BR) CUIDADO FRAGIL;1200;144;172,8;;167,2610518;Fita IMP;33;10
30.10.40.17.0148;FITA IMP HM 45 CFH  072X1200 - M;1200;72;86,4;;105,5136665;Fita IMP;33;10
30.10.40.17.0180;FITA IMP HM 40 CFT 048X100 - M;100;48;4,8;;5,576524825;Fita IMP;33;10
30.10.40.17.0185;FITA IMP HM 40 CFT 012X100 - M;100;12;1,2;;1,393343304;Fita IMP;33;10
30.10.40.25.0032;FITA IMP AR9 45 TR 072X500- M;500;72;36;;32,63770152;Fita IMP;33;10
30.10.40.27.0001;FITA IMP BRC 50 TR 048X100 ;100;48;4,8;;8,062562472;Fita IMP;33;10
30.10.40.27.0002;FITA IMP BRC 50 TR 072X100;100;72;7,2;;12,09540971;Fita IMP;33;10
30.10.40.27.0003;FITA IMP BRC 50 TR 048X1200;1200;48;57,6;;95,68209609;Fita IMP;33;10
30.10.40.10.0045;FITA IMP AR9 45 CFB 144X1200 - M;1200;144;172,8;;190,0836965;Fita IMP;33;10
30.10.40.10.0007;FITA IMP AR9 45 CFB 048X1000 - PERSONALIZADA;1000;48;48;;52,87357009;Fita IMP;33;10
30.10.40.10.0095;FITA IMP AR9 45 CFB 048X040 - PERSONALIZADA;40;48;1,92;;2,218662914;Fita IMP;33;10
30.10.40.10.0096;FITA IMP AR9 45 CFB 048X080 - PERSONALIZADA;80;48;3,84;;4,320390938;Fita IMP;33;10
30.10.40.10.0097;FITA IMP AR9 45 CFB 048X100 - PERSONALIZADA;100;48;4,8;;5,369157145;Fita IMP;33;10
30.10.40.10.0099;FITA IMP AR9 45 CFH 048X080 - PERSONALIZADA;80;48;3,84;;4,320390938;Fita IMP;33;10
30.10.40.10.0100;FITA IMP AR9 45 CFB 072X080 - PERSONALIZADA;80;72;5,76;;6,482152407;Fita IMP;33;10
30.10.40.10.0102;FITA IMP AR9 45 CFAM 048X040 - PERSONALIZADA;40;48;1,92;;2,218662914;Fita IMP;33;10
30.10.40.10.0103;FITA IMP AR9 45 CFB 072X040 - PERSONALIZADA;40;72;2,88;;3,329560371;Fita IMP;33;10
30.10.40.10.0104;FITA IMP AR9 45 CFB 072X100 - PERSONALIZADA;100;72;7,2;;8,055301718;Fita IMP;33;10
30.10.40.10.0107;FITA IMP AR9 45 CFB 024X080 - PERSONALIZADA;80;24;1,92;;2,160717469;Fita IMP;33;10
30.10.40.10.0108;FITA IMP AR9 45 CFAM 144X100 - M;100;144;14,4;;16,10747144;Fita IMP;33;10
30.10.40.10.0110;FITA IMP AR9 45 CFB 048X070 - PERSONALIZADA;70;48;3,36;;3,796007834;Fita IMP;33;10
30.10.40.10.0115;FITA IMP AR9 45 CFAM 024X040 - PERSONALIZADA;40;24;0,96;;1,109853457;Fita IMP;33;10
30.10.40.10.0118;FITA IMP AR9 45 CFH 048X040 - PERSONALIZADA;40;48;1,92;;2,218662914;Fita IMP;33;10
30.10.40.10.0119;FITA IMP AR9 45 CFB 072X070 - PERSONALIZADA;70;72;5,04;;5,695577752;Fita IMP;33;10
30.10.40.10.0120;FITA IMP AR9 45 CFVM 048X040 - PERSONALIZADA;40;48;1,92;;2,218662914;Fita IMP;33;10
30.10.40.10.0125;FITA IMP AR9 45 CFVM 048X070 - PERSONALIZADA;70;48;3,36;;3,796007834;Fita IMP;33;10
30.10.40.10.0126;FITA IMP AR9 45 CFAM 072X070 - PERSONALIZADA;70;72;5,04;;5,695577752;Fita IMP;33;10
30.10.40.10.0127;FITA IMP AR9 45 CFAM 024X080 - PERSONALIZADA;80;24;1,92;;2,160717469;Fita IMP;33;10
30.10.40.10.0128;FITA IMP AR9 45 CFB 024X040 - PERSONALIZADA;40;24;0,96;;1,109853457;Fita IMP;33;10
30.10.40.10.0129;FITA IMP AR9 45 CFAM 048X100 - PERSONALIZADA;100;48;4,8;;5,369157145;Fita IMP;33;10
30.10.40.10.0130;FITA IMP AR9 45 CFLJ 048X080 - PERSONALIZADA;80;48;3,84;;4,320390938;Fita IMP;33;10
30.10.40.10.0131;FITA IMP AR9 45 CFVD 024X040 - PERSONALIZADA;40;24;0,96;;1,109853457;Fita IMP;33;10
30.10.40.10.0132;FITA IMP AR9 45 CFB 048X075 - PERSONALIZADA;75;48;3,6;;4,058199386;Fita IMP;33;10
30.10.40.10.0133;FITA IMP AR9 45 CFAM 048X075 - PERSONALIZADA;75;48;3,6;;4,058199386;Fita IMP;33;10
30.10.40.10.0134;FITA IMP AR9 45 CFLJ 048X075 - PERSONALIZADA;75;48;3,6;;4,058199386;Fita IMP;33;10
30.10.40.10.0135;FITA IMP AR9 45 CFB 072X075 - PERSONALIZADA;75;72;5,4;;6,088865079;Fita IMP;33;10
30.10.40.10.0136;FITA IMP AR9 45 CFVM 048X075 - PERSONALIZADA;75;48;3,6;;4,058199386;Fita IMP;33;10
30.10.40.10.0137;FITA IMP AR9 45 CFVD 048X075 - PERSONALIZADA;75;48;3,6;;4,058199386;Fita IMP;33;10
30.10.40.10.0138;FITA IMP AR9 45 CFAM 072X075 - PERSONALIZADA;75;72;5,4;;6,088865079;Fita IMP;33;10
30.10.40.12.0148;FITA IMP AS 50 TR 048X100 - PERSONALIZADA;100;48;4,8;;6,377241209;Fita IMP;33;10
30.10.40.20.0202;FITA IMP HM 40 TR 072X1200 - M;1200;72;86,4;;87,36314413;Fita IMP;33;10
30.10.40.25.0045;FITA IMP AA 40 TR 072X100 - PERSONALIZADA;100;72;7,2;;5,929790509;Fita IMP;33;10
30.10.40.25.0047;FITA IMP AA 40 TR 048X050 - PERSONALIZADA;50;48;2,4;;2,034542281;Fita IMP;33;10
30.10.40.25.0048;FITA IMP AA 40 TR 048X075 - PERSONALIZADA;75;48;3,6;;2,995443781;Fita IMP;33;10
30.10.40.25.0049;FITA IMP AA 40 TR 072X075 - PERSONALIZADA;75;72;5,4;;4,494731672;Fita IMP;33;10
30.10.40.25.0050;FITA IMP AA 40 TR 048X070 - PERSONALIZADA;70;48;3,36;;2,804102603;Fita IMP;33;10
30.10.40.25.0051;FITA IMP AA 40 TR 048X040 - PERSONALIZADA;40;48;1,92;;1,651859925;Fita IMP;33;10
30.10.40.25.0056;FITA IMP AA 40 TR 072X080 - PERSONALIZADA;80;72;5,76;;4,78174344;Fita IMP;33;10
30.10.40.25.0057;FITA IMP AA 40 TR 048X080 - PERSONALIZADA;80;48;3,84;;3,18678496;Fita IMP;33;10
30.10.40.25.0058;FITA IMP AA 40 TR 024X080 - PERSONALIZADA;80;24;1,92;;1,59391448;Fita IMP;33;10
30.10.40.10.0093;FITA IMP AA 40 CFT 048X1200 - M;1200;48;57,6;;53,96469072;Fita IMP;33;10
30.10.40.12.0149;FITA IMP AS 50 TR 072X1200 - PERSONALIZADA;1200;72;86,4;;113,1873614;Fita IMP;33;10
30.10.40.17.0189;FITA IMP HM 45 CFH 048X050 - M;50;48;2,4;;3,033929858;Fita IMP;33;10
30.10.40.10.0063;FITA IMP AR9 45 CFT 072X050 - M;50;72;3,6;;3,873299187;Fita IMP;33;10
30.10.40.20.0203;FITA IMP HM 40 TR 072X1000 - M;1000;72;72;;72,91143504;Fita IMP;33;10
30.10.40.10.0094;FITA IMP AR9 45 CFB 096X080 - PERSONALIZADA;80;96;7,68;;8,640781876;Fita IMP;33;10
30.10.40.10.0139;FITA IMP AR9 45 CFLJ 072X075 - PERSONALIZADA;75;72;5,4;;6,088865079;Fita IMP;33;10
30.10.40.10.0141;FITA IMP AR9 45 CFLJ 048X040 - PERSONALIZADA;40;48;1,92;;2,218662914;Fita IMP;33;10
30.10.40.17.0186;FITA IMP HM 40 CFT 072X100 - M;100;72;7,2;;8,366353238;Fita IMP;33;10
30.10.40.25.0053;FITA IMP AA 40 TR 072X040 - PERSONALIZADA;40;72;2,88;;2,479355887;Fita IMP;33;10
30.10.40.25.0059;FITA IMP AA 40 TR 036X100 - M;100;36;3,6;;2,964895254;Fita IMP;33;10
30.10.40.25.0060;FITA IMP AR9 45 TR 048X080 - PERSONALIZADA;80;48;3,84;;3,55419616;Fita IMP;33;10
30.10.40.10.0145;FITA IMP AR9 45 CFB 048X050 - PERSONALIZADA;50;48;2,4;;2,743046018;Fita IMP;33;10
30.10.40.10.0122;FITA IMP AA 40 CFT 048X100 - M;100;48;4,8;;4,586112025;Fita IMP;33;10
30.10.40.17.0191;FITA IMP HM 40 CFT 048X100 - M (MIRVI);100;48;4,8;;5,576524825;Fita IMP;33;10
30.10.40.10.0163;FITA IMP AR9 45 CFH 072X1200 - M;1200;72;86,4;;95,04184824;Fita IMP;33;10
30.10.40.20.0207;FITA IMP HM 40 TR 048X100 - PERSONALIZADA;100;48;4,8;;4,942562472;Fita IMP;33;10
30.10.40.17.0192;FITA IMP HM 45 CFVM  048X100 - M;100;48;4,8;;6,365260825;Fita IMP;33;10
30.10.40.10.0165;FITA IMP AR9 45 CFB 048X090 - PERSONALIZADA;90;48;4,32;;4,844774042;Fita IMP;33;10
30.10.40.10.0091;FITA IMP AA 40 CFHA 048X100 - M;100;48;4,8;;4,586112025;Fita IMP;33;10
30.10.40.25.0072;FITA IMP AA 40 TR 024X100 - PERSONALIZADA;100;24;2,4;;1,976596836;Fita IMP;33;10
30.10.40.10.0166;FITA IMP AR9 45 CFVD 048X100 - PERSONALIZADA;100;48;4,8;;5,369157145;Fita IMP;33;10
30.10.40.20.0208;FITA IMP HM 45 TR 048X1200 - PERSONALIZADA;1200;48;57,6;;62,73489609;Fita IMP;33;10
30.10.40.17.0193;FITA IMP HM 45 CFH  072X1200 - PERSONALIZADA;1200;72;86,4;;105,5136665;Fita IMP;33;10
30.10.40.10.0072;FITA IMP AR9 45 CFT 036X100 - M;100;36;3,6;;3,784815019;Fita IMP;33;10
30.10.40.25.0070;FITA IMP AA 40 TR 048X090 - M;90;48;4,32;;3,569467316;Fita IMP;33;10
30.10.40.17.0194;FITA IMP HM 45 CFVM 072X100 - M;100;72;7,2;;9,549457238;Fita IMP;33;10
30.20.10.14.0085;"STRETCH FIL. 3""500X13 MANUSTIF LEV";KG;Bruto;0,5;3,5;9,685689226;Stretch;15;10
30.20.10.14.0091;"STRETCH FIL. 3""430X10 MANUPREST SLIM  (2,5KG)";KG;Bruto;0,6;2,5;8,944675778;Stretch;15;10
30.20.10.14.0092;"STRETCH FIL. 3""500X13 MANUSTIF LEV LÍQUIDO";KG;Liq;0,5;3,5;9,685689226;Stretch;15;10
30.20.10.14.0094;"STRETCH FIL. 3""500X13 MANUSTIF GOLD (5KG)";KG;Bruto;1,1;5;9,09917956;Stretch;15;10
30.20.10.14.0095;"STRETCH FIL. 3""430X10 MANUPREST SLIM  (5KG)";KG;Bruto;0,9;5;9,400656878;Stretch;15;10
30.20.10.14.0096;"STRETCH FIL. 3""430X10 MANUPREST SLIM  (5KG) LIQ";KG;Liq;0,9;5;9,400656878;Stretch;15;10
30.20.10.14.0097;"STRETCH FIL. 3""500X13 MANUSTIF MAQ (11KG)";KG;Bruto;1,57;11;9,69402707;Stretch;15;10
30.20.10.14.0098;"STRETCH FIL. 3""430X10 MANUPREST SLIM  (3KG) LIQ";KG;Liq;0,6;3;9,248663178;Stretch;15;10
30.20.10.14.0099;"STRETCH FIL. 3""430X10 MANUPREST SLIM  (5KG) LIQUIDO/NETO";KG;Neto;0,9;5;9,400656878;Stretch;15;10
30.20.10.14.0100;"STRETCH FIL. 3""430X10 MANUPREST SLIM  (3KG) LIQUIDO/NETO";KG;Neto;0,6;3;9,248663178;Stretch;15;10
30.20.10.14.0101;"STRETCH FIL. 3""450X12 MANUSTIF PLUS LEV (2,5KG)";KG;Bruto;0,6;2,5;9,001813967;Stretch;15;10
30.20.10.16.0069;"STRETCH FIL. 3""500X23 MAN ESPECIAL LC2";KG;Bruto;1,57;4,5;7,822632153;Stretch;15;10
30.20.10.16.0999;"STRETCH FIL. 3""500 MAN ESPECIAL LC2";KG;Bruto;1,57;4,5;7,822632153;Stretch;15;10
30.20.10.19.0035;"STRETCH FIL. 3""500X17 MAQ ATX/11";KG;Bruto;1,57;11;9,414903177;Stretch;15;10
30.20.10.19.0037;"STRETCH FIL. 3""500X19 MAQ ATX/11";KG;Bruto;1,57;11;9,346992002;Stretch;15;10
30.20.10.19.0039;"STRETCH FIL. 3""500X23 MAQ ATX/11";KG;Bruto;1,57;11;9,311904561;Stretch;15;10
30.20.10.19.0041;"STRETCH FIL. 3""500X30 MAQ ATX/11";KG;Bruto;1,57;11;9,311904561;Stretch;15;10
30.20.10.19.0043;"STRETCH FIL. 3""500X40 MAQ ATX/11";KG;Bruto;1,57;11;9,311904561;Stretch;15;10
30.20.10.20.0001;"STRETCH FIL. 3""500X23 MAQ LC3/8";KG;Bruto;1,57;8;8,803534601;Stretch;15;10
30.20.10.20.0002;"STRETCH FIL. 3""500X30 MAQ LC3/8";KG;Bruto;1,57;8;8,803534601;Stretch;15;10
30.20.10.20.0003;"STRETCH FIL. 3""500X17 MAQ LC3/8";KG;Bruto;1,57;8;8,906533216;Stretch;15;10
30.20.10.20.0004;"STRETCH FIL. 3""500X19 MAQ LC3/8";KG;Bruto;1,57;8;8,838622041;Stretch;15;10
30.20.10.22.0034;"STRETCH FIL. 3""500X17 MAQ LC3/11";KG;Bruto;1,57;11;9,300591037;Stretch;15;10
30.20.10.22.0036;"STRETCH FIL. 3""500X19 MAQ LC3/11";KG;Bruto;1,57;11;9,232679862;Stretch;15;10
30.20.10.22.0038;"STRETCH FIL. 3""500X23 MAQ LC3/11";KG;Bruto;1,57;11;9,197592421;Stretch;15;10
30.20.10.22.0040;"STRETCH FIL. 3""500X30 MAQ LC3/11";KG;Bruto;1,57;11;9,197592421;Stretch;15;10
30.20.10.22.0042;"STRETCH FIL. 3""500X40 MAQ LC3/11";KG;Bruto;1,57;11;9,197592421;Stretch;15;10
30.20.10.22.0049;"STRETCH FIL. 3""500X40 MAQ LC3/8";KG;Bruto;1,57;8;8,803534601;Stretch;15;10
30.20.10.23.0001;"STRETCH FIL. 3""500X17 MAQ ATX/8";KG;Bruto;1,57;8;9,013708424;Stretch;15;10
30.20.10.23.0002;"STRETCH FIL. 3""500X19 MAQ ATX/8";KG;Bruto;1,57;8;8,945797249;Stretch;15;10
30.20.10.23.0003;"STRETCH FIL. 3""500X23 MAQ ATX/8";KG;Bruto;1,57;8;8,910709808;Stretch;15;10
30.20.10.23.0004;"STRETCH FIL. 3""500X30 MAQ ATX/8";KG;Bruto;1,57;8;8,910709808;Stretch;15;10
30.20.10.23.0006;"STRETCH FIL. 3""500X40 MAQ ATX/8";KG;Bruto;1,57;8;8,910709808;Stretch;15;10
30.20.10.25.0041;"STRETCH FIL. 3""150X19 CORTADO MAQ (3,3 KG)";KG;Bruto;0,36;3,3;9,697917722;Stretch;15;10
30.20.10.25.0042;"STRETCH FIL. 3""150X23 CORTADO MAQ (3,3 KG)";KG;Bruto;0,36;3,3;9,662830282;Stretch;15;10
30.20.10.25.0043;"STRETCH FIL. 3""100X23 CORTADO (MAQ)";KG;Bruto;0,24;3;9,880126547;Stretch;15;10
30.20.10.25.0045;"STRETCH FIL. 3""166X23 CORTADO MAQ (3,3 KG) ";KG;Bruto;0,4;3,3;9,572290172;Stretch;15;10
30.20.10.29.0002;"STRETCH FIL. 3""500X17 MAQ LC3/14 LÍQUIDO";KG;Liq;1,57;14;9,525766934;Stretch;15;10
30.20.10.29.0003;"STRETCH FIL. 3""500X19 MAQ LC3/14 LÍQUIDO";KG;Liq;1,57;14;9,457855759;Stretch;15;10
30.20.10.29.0004;"STRETCH FIL. 3""500X23 MAQ LC3/14 LÍQUIDO";KG;Liq;1,57;14;9,422768319;Stretch;15;10
30.20.10.29.0005;"STRETCH FIL. 3""500X30 MAQ LC3/14 LÍQUIDO";KG;Liq;1,57;14;9,422768319;Stretch;15;10
30.20.10.29.0006;"STRETCH FIL. 3""500X40 MAQ LC3/14 LÍQUIDO";KG;Liq;1,57;14;9,422768319;Stretch;15;10
30.20.10.31.0001;"STRETCH FIL. 3""500X15 MAQ ATX/14 LÍQUIDO";KG;Liq;1,57;14;9,906720876;Stretch;15;10
30.20.10.31.0002;"STRETCH FIL. 3""500X17 MAQ ATX/14 LÍQUIDO";KG;Liq;1,57;14;9,644157321;Stretch;15;10
30.20.10.31.0003;"STRETCH FIL. 3""500X19 MAQ ATX/14 LÍQUIDO";KG;Liq;1,57;14;9,576246146;Stretch;15;10
30.20.10.31.0004;"STRETCH FIL. 3""500X23 MAQ ATX/14 LÍQUIDO";KG;Liq;1,57;14;9,541158706;Stretch;15;10
30.20.10.31.0005;"STRETCH FIL. 3""500X30 MAQ ATX/14 LÍQUIDO";KG;Liq;1,57;14;9,541158706;Stretch;15;10
30.20.10.31.0006;"STRETCH FIL. 3""500X40 MAQ ATX/14 LÍQUIDO";KG;Liq;1,57;14;9,541158706;Stretch;15;10
30.20.10.31.0008;"STRETCH FIL. 3""500X30 MAQ ATX/14 LÍQ/NETO";KG;Neto;1,57;14;9,541158706;Stretch;15;10
30.20.10.31.0009;"STRETCH FIL. 3""500X23 MAQ ATX/14 LÍQ/NETO";KG;Neto;1,57;14;9,541158706;Stretch;15;10
30.20.10.31.0010;"STRETCH FIL. 3""500X13 MAQ ATX/14 LÍQUIDO";KG;Liq;1,57;14;9,929214074;Stretch;15;10
30.20.10.31.0011;"STRETCH FIL. 3""500X17 MAQ ATX/14 LÍQ/NETO";KG;Neto;1,57;14;9,644157321;Stretch;15;10
30.20.10.38.0001;"STRETCH FIL. 3""500X23 MAN LEV LIQ/NETO";KG;Neto;0,5;4,9;9,692522367;Stretch;15;10
30.20.10.38.0002;"STRETCH FIL. 3""500X19 MAN LEV LIQ/NETO";KG;Neto;0,5;4,9;9,727609807;Stretch;15;10
30.20.10.38.0003;"STRETCH FIL. 3""500X30 MAN LEV LIQ/NETO";KG;Neto;0,5;4,9;9,692522367;Stretch;15;10
30.20.10.39.0002;"STRETCH FIL. 3""500X19 MAQ ATX/16 LIQ/NETO";KG;Neto;1,57;16;9,681320962;Stretch;15;10
30.20.10.43.0001;"STRETCH FIL 3"" 500X19 MAQ LC3 CORELESS (8KG)";KG;Bruto;0;8;10,6447492;Stretch;15;10
30.20.10.43.0002;"STRETCH FIL 3"" 500X23 MAQ LC3 CORELESS (8KG)";KG;Bruto;0;8;10,60966176;Stretch;15;10
30.20.10.43.0003;"STRETCH FIL 3"" 500X30 MAQ LC3 CORELESS (8KG)";KG;Bruto;0;8;10,60966176;Stretch;15;10
30.20.10.45.0001;"STRETCH FIL. 3""750X23 MAQ ATX/21,3";KG;Bruto;2,4;21,3;9,53716196;Stretch;15;10
30.20.10.45.0002;"STRETCH FIL. 3""750X23 MAQ ATX/21,3 LIQUIDO";KG;Liq;2,4;21,3;9,53716196;Stretch;15;10
30.20.10.45.0003;"STRETCH FIL. 3""750X30 MAQ ATX/21,3";KG;Bruto;2,4;21,3;9,53716196;Stretch;15;10
30.20.10.47.0001;"STRETCH FIL. 3""500X17 MAQ LC3/14 LÍQ/NETO";KG;Neto;1,57;14;9,525766934;Stretch;15;10
30.20.10.47.0002;"STRETCH FIL. 3""500X30 MAQ LC3/14 LÍQ/NETO";KG;Neto;1,57;14;9,422768319;Stretch;15;10
30.20.10.47.0003;"STRETCH FIL. 3""500X23 MAQ LC3/14 LÍQ/NETO";KG;Neto;1,57;14;9,422768319;Stretch;15;10
30.20.10.47.0004;"STRETCH FIL. 3""500X40 MAQ LC3/14 LÍQ/NETO";KG;Neto;1,57;14;9,422768319;Stretch;15;10
30.20.10.47.0005;"STRETCH FIL. 3""500X19 MAQ LC3/14 LÍQ/NETO";KG;Neto;1,57;14;9,457855759;Stretch;15;10
30.20.10.49.0001;"STRETCH FIL. 2""500X17 MANUAL LC3";KG;Bruto;0,4;2,8;9,490641019;Stretch;15;10
30.20.10.49.0003;"STRETCH FIL. 2""500X23 MANUAL LC3";KG;Bruto;0,4;2,8;9,387642403;Stretch;15;10
30.20.10.49.0005;"STRETCH FIL. 2""500X19 MANUAL  LC3 1,5KG EXPO";KG;Bruto;0,4;1,5;8,497927287;Stretch;15;10
30.20.10.50.0001;"STRETCH FIL 3"" 500X19 MAN CORELESS LC3";KG;Bruto;0;3,5;10,6447492;Stretch;15;10
30.20.10.50.0004;"STRETCH FIL 3"" 500X17 MAN CORELESS LC3";KG;Bruto;0;3,5;10,71266037;Stretch;15;10
30.20.10.50.0002;"STRETCH FIL 3"" 500X23 MAN CORELESS LC3";KG;Bruto;0;3,5;10,60966176;Stretch;15;10
30.20.10.50.0009;"STRETCH FIL 3"" 450X10 PREESTIRADO CORELESS LC3 2KG";KG;Bruto;0;2;10,67994224;Stretch;30;10
30.20.10.50.0003;"STRETCH FIL 3"" 500X30 MAN CORELESS LC3";KG;Bruto;0;3,5;10,60966176;Stretch;15;10
30.20.10.51.0001;"STRETCH FIL. 2""166X30 CORTADO LC3";KG;Bruto;0,13;0,95;9,455541082;Stretch;15;10
30.20.10.51.0002;"STRETCH FIL. 2""100X23 CORTADO LC3";KG;Bruto;0,1;0,54;9,094439589;Stretch;15;10
30.20.10.52.0001;"STRETCH FIL. 3""100X23 CORTADO (MAN) LC3";KG;Bruto;0,24;0,9;8,485808847;Stretch;15;10
30.20.10.52.0003;"STRETCH FIL. 3""150X23 CORTADO (MAN) LC3";KG;Bruto;0,36;1,35;8,485808847;Stretch;15;10
30.20.10.52.0004;"STRETCH FIL. 3""150X30 CORTADO (MAN) LC3";KG;Bruto;0,36;1,35;8,485808847;Stretch;15;10
30.20.10.52.0002;"STRETCH FIL. 3""150X19 CORTADO (MAN) LC3";KG;Bruto;0,36;1,35;8,520896287;Stretch;15;10
30.20.10.52.0006;"STRETCH FIL. 3""200X23 CORTADO (MAN) LC3";KG;Bruto;0,48;1,8;8,485808847;Stretch;15;10
30.20.10.52.0007;"STRETCH FIL. 3""200X30 CORTADO (MAN) LC3";KG;Bruto;0,48;1,8;8,485808847;Stretch;15;10
30.20.10.52.0008;"STRETCH FIL. 3""250X23 CORTADO (MAN) LC3";KG;Bruto;0,6;2,25;8,485808847;Stretch;15;10
30.20.10.52.0023;"STRETCH FIL. 3""250X23 CORTADO (MAN) LC3 - AZUL";KG;Bruto;0,6;2,25;8,877301181;Stretch;15;10
30.20.10.52.0009;"STRETCH FIL. 3""250X30 CORTADO (MAN) LC3";KG;Bruto;0,6;2,25;8,485808847;Stretch;15;10
30.20.10.52.0012;"STRETCH FIL. 3""050X23 CORTADO (MAN) LC3";KG;Bruto;0,12;0,45;8,485808847;Stretch;15;10
30.20.10.52.0017;"STRETCH FIL. 3""050X40 CORTADO (MAN) LC3";KG;Bruto;0,12;0,45;8,485808847;Stretch;15;10
30.20.10.52.0013;"STRETCH FIL. 3""050X30 CORTADO (MAN) LC3";KG;Bruto;0,12;0,45;8,485808847;Stretch;15;10
30.20.10.52.0014;"STRETCH FIL. 3""075X23 CORTADO (MAN) LC3";KG;Bruto;0,18;0,68;8,500455041;Stretch;15;10
30.20.10.52.0019;"STRETCH FIL. 3""100X30 CORTADO (MAN) LC3";KG;Bruto;0,24;0,9;8,485808847;Stretch;15;10
30.20.10.52.0020;"STRETCH FIL. 3""250X23 CORTADO (MAN) LC3 5KG";KG;Bruto;0,6;5;9,581344183;Stretch;15;10
30.20.10.54.0001;"STRETCH FIL. 3""500X19 MAN GOLD LIQ C/ RET LC3";KG;Liq;1,1;4;8,435680961;Stretch;15;10
30.20.10.55.0001;"STRETCH FIL. 3""500X17 MAN LEV LIQUIDO LC3";KG;Liq;0,5;4,9;9,795520982;Stretch;15;10
30.20.10.55.0002;"STRETCH FIL. 3""500X19 MAN LEV LIQUIDO LC3";KG;Liq;0,5;4,9;9,727609807;Stretch;15;10
30.20.10.55.0003;"STRETCH FIL. 3""500X23 MAN LEV LIQUIDO LC3";KG;Liq;0,5;4,9;9,692522367;Stretch;15;10
30.20.10.55.0004;"STRETCH FIL. 3""500X30 MAN LEV LIQUIDO LC3";KG;Liq;0,5;4,9;9,692522367;Stretch;15;10
30.20.10.55.0005;"STRETCH FIL. 3""500X15 MAN LEV LIQUIDO LC3";KG;Liq;0,5;4,9;10,05808454;Stretch;15;10
30.20.10.55.0006;"STRETCH FIL. 3""500X25 MAN LEV LIQUIDO LC3";KG;Liq;0,5;4,9;9,692522367;Stretch;15;10
30.20.10.55.0008;"STRETCH FIL. 3""500X40 MAN LEV LIQUIDO LC3";KG;Liq;0,5;4,9;9,692522367;Stretch;15;10
30.20.10.56.0001;"STRETCH FIL. 3""500X17 MAN ESPECIAL LC3";KG;Bruto;1,57;4,5;7,969642491;Stretch;15;10
30.20.10.56.0002;"STRETCH FIL. 3""500X19 MAN ESPECIAL LC3";KG;Bruto;1,57;4,5;7,901731316;Stretch;15;10
30.20.10.56.0003;"STRETCH FIL. 3""500X23 MAN ESPECIAL LC3";KG;Bruto;1,57;4,5;7,866643875;Stretch;15;10
30.20.10.56.0005;"STRETCH FIL. 3""500X23  MAN ESPECIAL - 3,8 KG LC3";KG;Bruto;1,57;3,8;7,389892591;Stretch;15;10
30.20.10.56.0006;"STRETCH FIL. 3""500X40 MAN ESPECIAL LC3";KG;Bruto;1,57;4,5;7,866643875;Stretch;15;10
30.20.10.56.0007;"STRETCH FIL. 3""500X30  MAN ESPECIAL - 3,8 KG LC3";KG;Bruto;1,57;3,8;7,389892591;Stretch;15;10
30.20.10.56.0009;"STRETCH FIL. 3""500X30 MAN ESPECIAL LC3";KG;Bruto;1,57;4,5;7,866643875;Stretch;15;10
30.20.10.56.0010;"STRETCH FIL. 3""500X30  MAN ESPECIAL - 5 KG LC3";KG;Bruto;1,57;5;8,125451715;Stretch;15;10
30.20.10.57.0001;"STRETCH FIL. 3""500X15 MAN GOLD LC3";KG;Bruto;1,1;4;8,766155691;Stretch;15;10
30.20.10.57.0002;"STRETCH FIL. 3""500X17 MAN GOLD LC3";KG;Bruto;1,1;4;8,503592136;Stretch;15;10
30.20.10.57.0003;"STRETCH FIL. 3""500X19 MAN GOLD LC3";KG;Bruto;1,1;4;8,435680961;Stretch;15;10
30.20.10.57.0005;"STRETCH FIL. 3""500X30 MAN GOLD LC3";KG;Bruto;1,1;4;8,400593521;Stretch;15;10
30.20.10.57.0006;"STRETCH FIL. 3""500X40 MAN GOLD LC3";KG;Bruto;1,1;4;8,400593521;Stretch;15;10
30.20.10.57.0008;"STRETCH FIL. 3""500X23 MAN GOLD/5 CONDOR LC3";KG;Bruto;1,1;5;8,811419272;Stretch;15;10
30.20.10.57.0009;"STRETCH FIL. 3""500X23 MAN GOLD/3 LC3";KG;Bruto;1,1;3;7,715883936;Stretch;15;10
30.20.10.57.0010;"STRETCH FIL. 3""500X23 MAN GOLD LC3";KG;Bruto;1,1;4;8,400593521;Stretch;15;10
30.20.10.58.0001;"STRETCH FIL. 3""500X17 MAN LEV LC3";KG;Bruto;0,5;4,9;9,795520982;Stretch;15;10
30.20.10.58.0002;"STRETCH FIL. 3""500X23 MAN LEV LC3";KG;Bruto;0,5;4,9;9,692522367;Stretch;15;10
30.20.10.18.0082;"STRETCH FIL. 3""500X23 MAN LEV LC2";KG;Bruto;0,5;4,9;9,692522367;Stretch;15;10
30.20.10.58.0003;"STRETCH FIL. 3""500X30 MAN LEV LC3";KG;Bruto;0,5;4,9;9,692522367;Stretch;15;10
30.20.10.58.0004;"STRETCH FIL. 3""500X15 MAN LEV LC3";KG;Bruto;0,5;4,9;10,05808454;Stretch;15;10
30.20.10.58.0005;"STRETCH FIL. 3""500X19 MAN LEV LC3";KG;Bruto;0,5;4,9;9,727609807;Stretch;15;10
30.20.10.58.0006;"STRETCH FIL. 3""500X30 MAN LEV LC3 (5KG)";KG;Bruto;0,5;5;9,707766365;Stretch;15;10
30.20.10.60.0003;"STRETCH FILME 3""500X30 MAQ ATX/44";KG;Bruto;1,57;44;10,11429407;Stretch;15;10
30.20.10.60.0004;"STRETCH FILME 3""500X23 MAQ ATX/44";KG;Bruto;1,57;44;10,11429407;Stretch;15;10
30.20.10.61.0004;"STRETCH FILME 3""500X23 MAQ LC3/44";KG;Bruto;1,57;44;9,985708062;Stretch;15;10
30.20.10.63.0001;"STRETCH FIL. 3""1500X40 MAQ LC3/25 LÍQ";KG;Liq;4,71;25;8,861329748;Stretch;15;10
30.20.10.64.0001;"STRETCH FIL. 3""500X23 MAQ ATX/14 B";KG;Bruto;1,57;14;9,541158706;Stretch;15;10
30.20.10.64.0002;"STRETCH FIL. 3""500X40 MAQ ATX/14 B";KG;Bruto;1,57;14;9,541158706;Stretch;15;10
30.20.10.64.0003;"STRETCH FIL. 3""500X30 MAQ ATX/14 B";KG;Bruto;1,57;14;9,541158706;Stretch;15;10
30.20.10.64.0004;"STRETCH FIL. 3""500X19 MAQ ATX/14 B";KG;Bruto;1,57;14;9,576246146;Stretch;15;10
30.20.10.45.0005;"STRETCH FIL. 3""750X30 MAQ ATX/PLUS 21,3 ";KG;Bruto;2,4;21,3;9,599583255;Stretch;15;10
30.20.10.65.0001;"STRETCH FIL. 3""750X30 MAQ LC3/21,3";KG;Bruto;2,4;21,3;9,418842672;Stretch;15;10
30.20.10.66.0001;"STRETCH FIL. 3""1000X23 MAQ ATX/22";KG;Bruto;3,14;22;9,311904561;Stretch;15;10
30.20.10.67.0001;"STRETCH FIL. 3""500X19 MAN ESPECIAL NOVO";KG;Bruto;1,57;4;7,578221516;Stretch;15;10
30.20.10.67.0002;"STRETCH FIL. 3""500X23 MAN ESPECIAL NOVO";KG;Bruto;1,57;4;7,543134075;Stretch;15;10
30.20.10.70.0011;"STRETCH FIL. 3""500X23 MAN ESPECIAL NOVO C/ UV";KG;Bruto;1,57;4;7,543134075;Stretch;15;10
30.20.10.67.0003;"STRETCH FIL. 3""500X30 MAN ESPECIAL NOVO";KG;Bruto;1,57;4;7,543134075;Stretch;15;10
30.20.10.67.0004;"STRETCH FIL. 3""500X40 MAN ESPECIAL NOVO";KG;Bruto;1,57;4;7,543134075;Stretch;15;10
30.20.10.67.0005;"STRETCH FIL. 3""500X17 MAN ESPECIAL NOVO";KG;Bruto;1,57;4;7,646132691;Stretch;15;10
30.20.10.68.0001;"STRETCH FIL. 3""500X19 MAN LEV NOVO";KG;Bruto;0,5;2,5;8,995897894;Stretch;15;10
30.20.10.68.0002;"STRETCH FIL. 3""500X23 MAN LEV NOVO";KG;Bruto;0,5;2,5;8,960810454;Stretch;15;10
30.20.10.68.0003;"STRETCH FIL. 3""500X30 MAN LEV NOVO";KG;Bruto;0,5;2,5;8,960810454;Stretch;15;10
30.20.10.68.0004;"STRETCH FIL. 3""500X17 MAN LEV NOVO";KG;Bruto;0,5;2,5;9,06380907;Stretch;15;10
30.20.10.68.0005;"STRETCH FIL. 3""500X30 MAN LEV NOVO (4,85)";KG;Bruto;0,5;4,85;9,684664636;Stretch;15;10
30.20.10.68.0006;"STRETCH FIL. 3""500X15 MAN LEV NOVO";KG;Bruto;0,5;2,5;9,326372624;Stretch;15;10
30.20.10.68.0007;"STRETCH FIL. 3""500X40 MAN LEV NOVO";KG;Bruto;0,5;2,5;8,960810454;Stretch;15;10
30.20.10.68.0008;"STRETCH FIL. 3""500X19 MAN LEV NOVO (2,5KG)";KG;Bruto;0,5;2,5;8,995897894;Stretch;15;10
30.20.10.69.0001;"STRETCH FIL. 3""500X19 MAN LEV LIQUIDO NOVO";KG;Liq;0,5;4,9;9,727609807;Stretch;15;10
30.20.10.69.0002;"STRETCH FIL. 3""500X23 MAN LEV LIQUIDO NOVO";KG;Liq;0,5;4,9;9,692522367;Stretch;15;10
30.20.10.69.0003;"STRETCH FIL. 3""500X30 MAN LEV LIQUIDO NOVO";KG;Liq;0,5;4,9;9,692522367;Stretch;15;10
30.20.10.69.0004;"STRETCH FIL. 3""500X17 MAN LEV LIQUIDO NOVO";KG;Liq;0,5;4,9;9,795520982;Stretch;15;10
30.20.10.69.0005;"STRETCH FIL. 3""500X15 MAN LEV LIQUIDO NOVO";KG;Liq;0,5;4,9;10,05808454;Stretch;15;10
30.20.10.70.0001;"STRETCH FIL. 3""500X19 MAQ LC3/10 NOVO";KG;Bruto;1,57;10;9,127597776;Stretch;15;10
30.20.10.70.0002;"STRETCH FIL. 3""500X23 MAQ LC3/10 NOVO";KG;Bruto;1,57;10;9,092510336;Stretch;15;10
30.20.10.70.0003;"STRETCH FIL. 3""500X30 MAQ LC3/10 NOVO";KG;Bruto;1,57;10;9,092510336;Stretch;15;10
30.20.10.70.0004;"STRETCH FIL. 3""500X15 MAQ LC3/10 NOVO";KG;Bruto;1,57;10;9,458072506;Stretch;15;10
30.20.10.70.0005;"STRETCH FIL. 3""500X17 MAQ LC3/10 NOVO";KG;Bruto;1,57;10;9,195508951;Stretch;15;10
30.20.10.70.0006;"STRETCH FIL. 3""500X40 MAQ LC3/10 NOVO";KG;Bruto;1,57;10;9,092510336;Stretch;15;10
30.20.10.70.0007;"STRETCH FIL. 3""500X70 MAQ LC3/10 NOVO";KG;Bruto;1,57;10;9,092510336;Stretch;15;10
30.20.10.71.0001;"STRETCH FIL. 3""500X19 MAQ ATX/10 NOVO";KG;Bruto;1,57;10;9,240006734;Stretch;15;10
30.20.10.71.0002;"STRETCH FIL. 3""500X23 MAQ ATX/10 NOVO";KG;Bruto;1,57;10;9,204919294;Stretch;15;10
30.20.10.71.0003;"STRETCH FIL. 3""500X30 MAQ ATX/10 NOVO";KG;Bruto;1,57;10;9,204919294;Stretch;15;10
30.20.10.71.0004;"STRETCH FIL. 3""500X15 MAQ ATX/10 NOVO";KG;Bruto;1,57;10;9,570481464;Stretch;15;10
30.20.10.71.0005;"STRETCH FIL. 3""500X17 MAQ ATX/10 NOVO";KG;Bruto;1,57;10;9,307917909;Stretch;15;10
30.20.10.71.0006;"STRETCH FIL. 3""500X40 MAQ ATX/10 NOVO";KG;Bruto;1,57;10;9,204919294;Stretch;15;10
30.20.10.71.0007;"STRETCH FIL. 3""500X35 MAQ ATX/10 NOVO";KG;Bruto;1,57;10;9,204919294;Stretch;15;10
30.20.10.72.0001;"STRETCH FIL. 3""500X23 MAQ ATX/14 B PLUS";KG;Bruto;1,57;14;9,60361751;Stretch;15;10
30.20.10.72.0002;"STRETCH FIL. 3""500X30 MAQ ATX/14 B PLUS";KG;Bruto;1,57;14;9,60361751;Stretch;15;10
30.20.10.73.0001;"STRETCH FIL. 3""500X23 MAQ ATX/11 PLUS";KG;Bruto;1,57;11;9,372211819;Stretch;15;10
30.20.10.74.0001;"STRETCH FIL. 3""500X23 MAQ ATX/14 LÍQUIDO PLUS";KG;Liq;1,57;14;9,60361751;Stretch;15;10
30.20.10.74.0002;"STRETCH FIL. 3""500X13 MAQ ATX/14 LÍQUIDO PLUS";KG;Liq;1,57;14;9,991672878;Stretch;15;10
30.20.10.31.0001;"STRETCH FIL. 3""500X15 MAQ ATX/14 LÍQUIDO TG";KG;Liq;1,1;15,1;9,906720876;Stretch;15;10
30.20.10.74.0003;"STRETCH FIL. 3""500X17 MAQ ATX/14 LÍQUIDO PLUS";KG;Liq;1,57;14;9,706616125;Stretch;15;10
30.20.10.75.0001;"STRETCH FIL. 3"" 500X23 MAQ LC2 16KG EXPO";KG;Bruto;1,57;16;9,465011882;Stretch;15;10
30.20.10.76.0001;"STRETCH FIL. 3""500X15 MAN 450MT EXPO LIQ";KG;Liq;0,6;3,7;9,609004591;Stretch;15;10
30.20.10.76.0002;"STRETCH FIL. 3""500X17 MAN 450MT EXPO LIQ";KG;Liq;0,6;4,1;9,46461468;Stretch;15;10
30.20.10.76.0003;"STRETCH FIL. 3""500X19 MAN 450MT EXPO LIQ";KG;Liq;0,6;4,5;9,493868502;Stretch;15;10
30.20.10.14.0113;"STRETCH FIL. 3""450X10 MANUSTIF PLUS MAN (5KG)";KG;Bruto;0,6;5;9,922797988;Stretch;15;10
30.20.10.77.0001;"STRETCH FIL. 3""500X13 MANUSTIF LEV NOVO";KG;Bruto;0,5;2,5;9,251237622;Stretch;15;10
30.20.10.77.0002;"STRETCH FIL. 3""500X13 MANUSTIF LEV LIQUIDO NOVO";KG;Liq;0,5;4,9;9,9960118;Stretch;15;10
30.20.10.81.0001;"STRETCH FIL. 3""500X23 MAQ AT/10 NOVO";KG;Bruto;1,57;10;9,148387398;Stretch;15;10
30.20.10.81.0002;"STRETCH FIL. 3""500X19 MAQ AT/10 NOVO";KG;Bruto;1,57;10;9,183474839;Stretch;15;10
30.20.10.81.0003;"STRETCH FIL. 3""500X30 MAQ AT/10 NOVO";KG;Bruto;1,57;10;9,148387398;Stretch;15;10
30.20.10.82.0001;"STRETCH FIL. 3""500X23 MAQ AT/14 LÍQUIDO";KG;Liq;1,57;14;9,481618673;Stretch;15;10
30.20.10.82.0002;"STRETCH FIL. 3""500X19 MAQ AT/14 LÍQUIDO";KG;Liq;1,57;14;9,516706114;Stretch;15;10
30.20.10.82.0003;"STRETCH FIL. 3""500X30 MAQ AT/14 LÍQUIDO";KG;Liq;1,57;14;9,481618673;Stretch;15;10
30.20.10.83.0001;"STRETCH FIL. 3""500X40 MAQ LC3/14 B";KG;Bruto;1,57;14;9,422768319;Stretch;15;10
30.20.10.83.0002;"STRETCH FIL. 3""500X30 MAQ LC3/14 B";KG;Bruto;1,57;14;9,422768319;Stretch;15;10
30.20.10.83.0003;"STRETCH FIL. 3""500X23 MAQ LC3/14 B";KG;Bruto;1,57;14;9,422768319;Stretch;15;10
30.20.10.84.0001;"STRETCH FIL. 3""500X25 MAN ESPECIALISSIMO LC2";KG;Bruto;1,7;3,5;5,666244814;Stretch;8;10
30.20.10.57.0007;"STRETCH FIL. 3""500X19 MAN GOLD/5 CONDOR LC3";KG;Bruto;1,1;5;8,846506712;Stretch;15;10
30.20.10.56.0004;"STRETCH FIL. 3""500X23  MAN ESPECIAL - 5 KG LC3";KG;Bruto;1,57;5;8,125451715;Stretch;15;10
30.20.10.14.0102;"STRETCH FIL. 3""450X12 MANUSTIF PLUS LEV LIQUIDO(2,5KG)";KG;Liq;0,6;2,5;9,001813967;Stretch;15;10
30.20.10.14.0103;"STRETCH FIL. 3""430X10 MANUPREST SLIM  (2,0KG)";KG;Bruto;0,6;2;8,488694677;Stretch;15;10
30.20.10.47.0006 ;"STRETCH FIL. 3""500X19 MAQ LC3/14 B";KG;Bruto;1,57;14;9,525766934;Stretch;15;10
30.20.10.14.0105;"STRETCH FIL. 3""450X12 MANUSTIF PLUS LEV LIQUIDO(5KG)";KG;Liq;0,9;5;9,462305977;Stretch;15;10
30.20.10.66.0002 ;"STRETCH FIL. 3""1000X30 MAQ LC3/20";KG;Bruto;3,14;20;9,092510336;Stretch;15;10
30.20.10.14.0107;"STRETCH FIL. 3""500X13 MANUSTIF MAQ (15,5KG)";KG;Bruto;1,57;15,5;10,00693418;Stretch;15;10
30.20.10.91.0001;"STRETCH FIL. 3""500X17 MAQ LC3/8 ESPECIALISSIMO";KG;Bruto;1,7;8;8,283481081;Stretch;15;10
30.20.10.91.0009;"STRETCH FIL. 3""500X19 MAQ LC3/8 ESPECIALISSIMO";KG;Bruto;1,7;8;8,215569906;Stretch;15;10
30.20.10.91.0002;"STRETCH FIL. 3""500X23 MAQ LC3/8 ESPECIALISSIMO";KG;Bruto;1,7;8;8,180482465;Stretch;8;10
30.20.10.91.0003;"STRETCH FIL. 3""500X30 MAQ LC3/8 ESPECIALISSIMO";KG;Bruto;1,7;8;8,180482465;Stretch;8;10
30.20.10.91.0004;"STRETCH FIL. 3""500X19 MAQ LC3/10 ESPECIALISSIMO";KG;Bruto;1,7;10;8,629156068;Stretch;8;10
30.20.10.91.0005;"STRETCH FIL. 3""500X23 MAQ LC3/10 ESPECIALISSIMO";KG;Bruto;1,7;10;8,594068627;Stretch;15;10
30.20.10.91.0007;"STRETCH FIL. 3""500X40 MAQ LC3/10 ESPECIALISSIMO";KG;Bruto;1,7;10;8,594068627;Stretch;15;10
30.20.10.91.0006;"STRETCH FIL. 3""500X30 MAQ LC3/10 ESPECIALISSIMO";KG;Bruto;1,7;10;8,594068627;Stretch;15;10
30.20.10.56.0014;"STRETCH FIL. 3""500X30 MAN ESP 5 KG LC3";KG;Bruto;1,57;5;8,125451715;Stretch;15;10
30.20.10.25.0061;"STRETCH FIL. 3""150X25 CORTADO MAQ (3,3 KG)";KG;Bruto;0,36;3,3;9,662830282;Stretch;15;10
30.20.10.25.0062;"STRETCH FIL. 3""125X40 CORTADO MAQ (2,5 KG) C/UV LÍQUIDO";KG;Liq;0,3;2,5;9,581344183;Stretch;15;10
30.20.10.25.0051;"STRETCH FIL. 3""125X23 CORTADO MAQ (3,0 KG) C/ UV";KG;Bruto;0,3;3;9,730735365;Stretch;15;10
30.20.10.25.0053;"STRETCH FIL. 3""100X30 CORTADO (MAQ)";KG;Bruto;0,24;3;9,880126547;Stretch;15;10
30.20.10.25.0052;"STRETCH FIL. 3""125X23 CORTADO MAQ (2,5 KG)";KG;Bruto;0,3;2,5;9,581344183;Stretch;15;10
30.20.10.25.0056;"STRETCH FIL. 3""100X19 CORTADO (MAQ) (2,5 KG) LIQ";KG;Liq;0,24;2,5;9,795701042;Stretch;15;10
30.20.10.25.0057;"STRETCH FIL. 3""125X23 CORTADO MAQ (3,0 KG) B";KG;Bruto;0,3;3;9,730735365;Stretch;15;10
30.20.10.29.0010;"STRETCH FIL. 3""500X17 MAQ LC3/14 LÍQUIDO TG";KG;Liq;1,1;15,1;9,811323612;Stretch;15;10
30.20.10.29.0011;"STRETCH FIL. 3""500X19 MAQ LC3/14 LÍQUIDO TG";KG;Liq;1,1;15,1;9,743412437;Stretch;15;10
30.20.10.29.0012;"STRETCH FIL. 3""500X23 MAQ LC3/14 LÍQUIDO TG";KG;Liq;1,1;15,1;9,708324996;Stretch;15;10
30.20.10.29.0013;"STRETCH FIL. 3""500X30 MAQ LC3/14 LÍQUIDO TG";KG;Liq;1,1;15,1;9,708324996;Stretch;15;10
30.20.10.29.0015;"STRETCH FIL. 3""500X15 MAQ LC3/14 LÍQUIDO TG";KG;Liq;1,1;15,1;10,07388717;Stretch;15;10
30.20.10.31.0015;"STRETCH FIL. 3""500X17 MAQ ATX/14 LÍQUIDO TG";KG;Liq;1,1;15,1;9,934953773;Stretch;15;10
30.20.10.31.0016;"STRETCH FIL. 3""500X19 MAQ ATX/14 LÍQUIDO TG";KG;Liq;1,1;15,1;9,867042598;Stretch;15;10
30.20.10.31.0017;"STRETCH FIL. 3""500X23 MAQ ATX/14 LÍQUIDO TG";KG;Liq;1,1;15,1;9,831955158;Stretch;15;10
30.20.10.31.0018;"STRETCH FIL. 3""500X30 MAQ ATX/14 LÍQUIDO TG";KG;Liq;1,1;15,1;9,831955158;Stretch;15;10
30.20.10.43.0002;"STRETCH FIL 3"" 500X23 MAQ LC3 CORELESS (8KG)";KG;Bruto;0;8;10,60966176;Stretch;15;10
30.20.10.57.0009;"STRETCH FIL. 3""500X23 MAN GOLD/3 LC3";KG;Bruto;1,1;3;7,715883936;Stretch;15;10
30.20.10.65.0002;"STRETCH FIL. 3""750X23 MAQ LC3/21,3";KG;Bruto;2,4;21,3;9,418842672;Stretch;15;10
30.20.10.70.0002 ;"STRETCH FIL. 3""500X23 MAQ LC3/10 NOVO";KG;Bruto;1,57;10;9,092510336;Stretch;15;10
30.20.10.71.0008;"STRETCH FIL. 3""500X13 MAQ ATX/10 NOVO";KG;Bruto;1,57;10;9,592974662;Stretch;15;10
30.20.10.31.0019;"STRETCH FIL. 3""500X40 MAQ ATX/14 LÍQUIDO TG";KG;Liq;1,1;15,1;9,831955158;Stretch;15;10
30.20.10.74.0009;"STRETCH FIL. 3""500X13 MAQ ATX/14 LÍQUIDO PLUS TG";KG;Liq;1,1;15,1;10,28523366;Stretch;15;10
30.20.10.74.0011;"STRETCH FIL. 3""500X17 MAQ ATX/14 LÍQUIDO PLUS TG";KG;Liq;1,1;15,1;10,00017691;Stretch;15;10
30.20.10.74.0012;"STRETCH FIL. 3""500X19 MAQ ATX/14 LÍQUIDO PLUS TG";KG;Liq;1,1;15,1;9,932265732;Stretch;15;10
30.20.10.74.0013;"STRETCH FIL. 3""500X23 MAQ ATX/14 LÍQUIDO PLUS TG";KG;Liq;1,1;15,1;9,897178291;Stretch;15;10
30.20.10.74.0014;"STRETCH FIL. 3""500X30 MAQ ATX/14 LÍQUIDO PLUS TG";KG;Liq;1,1;15,1;9,897178291;Stretch;15;10
30.20.10.82.0006;"STRETCH FIL. 3""500X23 MAQ AT/14 LÍQUIDO TG";KG;Liq;1,1;15,1;9,769779976;Stretch;15;10
30.20.10.83.0004;"STRETCH FIL. 3""500X19 MAQ LC3/14 B";KG;Bruto;1,57;14;9,457855759;Stretch;15;10
30.20.30.01.0001;STRETCH FIL. COBERTURA 1500X70 30K;KG;Bruto;4,71;30;9,092510336;Stretch;15;10
30.20.10.65.0005;"STRETCH FIL. 3""750X23 MAQ LC3/21,3 LIQUIDO";KG;Liq;2,4;21,3;9,418842672;Stretch;15;10
30.20.10.29.0014;"STRETCH FIL. 3""500X40 MAQ LC3/14 LÍQUIDO TG";KG;Liq;1,1;15,1;9,708324996;Stretch;15;10
30.20.10.91.0008;"STRETCH FIL. 3""500X40 MAQ LC3/8 ESPECIALISSIMO";KG;Bruto;1,7;8;8,180482465;Stretch;15;10
30.20.10.70.0010;"STRETCH FIL. 3""1500X30 MAQ LC3/30 C UV";KG;Bruto;4,71;30;9,092510336;Stretch;15;10
30.20.10.38.0004;"STRETCH FIL. 3""500X40 MAN LEV LIQ/NETO";KG;Neto;0,5;4,9;9,692522367;Stretch;15;10
30.20.10.69.0007;"STRETCH FIL. 3""500X40 MAN LEV LIQUIDO NOVO";KG;Liq;0,5;4,9;9,692522367;Stretch;15;10
30.20.10.79.0002;"STRETCH FIL. 3""500X23 MAN LEV LIQUIDO NOVO AZUL";KG;Liq;0,5;4,9;10,17190074;Stretch;15;10
30.20.10.79.0001;"STRETCH FIL. 3""500X23 MAN LEV NOVO AZUL";KG;Bruto;0,5;4,9;10,17190074;Stretch;15;10
30.20.10.85.0001;"STRETCH FIL. 3""500X23 MAN ESPECIAL AZUL NOVO";KG;Bruto;1,57;4;7,867449885;Stretch;15;10
30.20.10.79.0003;"STRETCH FIL. 3""500X19 MAN LEV LIQUIDO NOVO AZUL";KG;Liq;0,5;4,9;10,53746291;Stretch;15;10
30.20.10.79.0004;"STRETCH FIL. 3""500X19 MAN LEV LIQUIDO NOVO VERDE";KG;Liq;0,5;4,9;10,53746291;Stretch;15;10
30.20.10.79.0005;"STRETCH FIL. 3""500X19 MAN LEV LIQUIDO NOVO VERMELHO";KG;Liq;0,5;4,9;10,53746291;Stretch;15;10
30.20.10.79.0006;"STRETCH FIL. 3""500X19 MAN LEV LIQUIDO NOVO BRANCO";KG;Liq;0,5;4,9;10,05808454;Stretch;15;10
30.20.10.17.0070;"STRETCH FIL. 3""500X23 MAN GOLD AZUL ";KG;Bruto;1,1;4;8,787637079;Stretch;15;10
30.20.10.17.0078;"STRETCH FIL. 3""500X19 MAN GOLD VERDE";KG;Bruto;1,1;4;8,822724519;Stretch;15;10
30.20.10.67.0006;"STRETCH FIL. 3""500X23 MAN ESPECIAL NOVO VERDE";KG;Bruto;1,57;4;7,867449885;Stretch;15;10
30.20.10.25.0060;"STRETCH FIL. 3""250X23 CORTADO MAQ LC3 (3,3 KG)";KG;Bruto;0,6;3,3;9,11958962;Stretch;15;10
30.20.10.62.0001;"STRETCH FIL. 3""1500X40 MAQ LC3/34";KG;Bruto;4,71;34;9,228498917;Stretch;15;10
30.20.10.14.0106;"STRETCH FIL. 3""500X13 MANUSTIF MAQ (11KG) LIQUIDO";KG;Liq;1,57;11;9,755719651;Stretch;15;10
30.20.10.14.0110;"STRETCH FIL. 3""500X13 MANUSTIF MAQ (15,5KG) LIQUIDO";KG;Liq;1,57;15,5;10,07160872;Stretch;15;10
30.20.10.50.0006;"STRETCH FIL 3"" 500X23 MAN CORELESS LC3 4KG EXPO";KG;Bruto;0;4;10,60966176;Stretch;15;10
30.20.10.75.0009;"STRETCH FIL. 3"" 500X17 MAQ LC2 16KG EXPO";KG;Bruto;1,7;16;9,554925861;Stretch;15;10
30.20.10.58.0013;"STRETCH FIL. 3"" 500X20 MAN CORELESS LC3 3,5KG EXPO";KG;Bruto;0;3,5;10,6447492;Stretch;15;10
30.20.10.58.0014;"STRETCH FIL. 3"" 500X20 MAN CORELESS LC3 4KG EXPO";KG;Bruto;0;4;10,6447492;Stretch;15;10
30.20.10.75.0034;"STRETCH FIL. 3"" 500X20 MAQ AT 16KG EXPO";KG;Bruto;1,7;16;9,54625564;Stretch;15;10
30.20.10.75.0010;"STRETCH FIL. 3"" 500X20 MAQ LC2 16KG EXPO";KG;Bruto;1,7;16;9,487014686;Stretch;15;10
30.20.10.75.0004;"STRETCH FIL. 3"" 500X20 MAQ LC3 16KG EXPO";KG;Bruto;1,7;16;9,487014686;Stretch;15;10
30.20.10.75.0013;"STRETCH FIL. 3"" 500X35 MAQ LC2 16KG EXPO";KG;Bruto;1,7;16;9,451927245;Stretch;15;10
30.20.10.14.0114;"STRETCH FIL. 3""430X09 MANUPREST SLIM  (2,5KG) EXPO";KG;Bruto;0,6;2,5;8,944675778;Stretch;15;10
30.20.10.14.0109;"STRETCH FIL. 3""430X10 MANUPREST SLIM  (2,5KG) EXPO";KG;Bruto;0,6;2,5;8,944675778;Stretch;15;10
30.20.10.14.0117;"STRETCH FIL. 3""460X09 MANUPREST SLIM (5,00 KG) - EXPO";KG;Bruto;0,9;5;9,400656878;Stretch;15;10
30.20.10.14.0115;"STRETCH FIL. 3""470X09 MANUPREST SLIM  (2,8KG) EXPO LIQ";KG;Liq;0,6;2,8;9,140096249;Stretch;15;10
30.20.10.75.0031;"STRETCH FIL. 3""500X10 MANUSTIF 16KG EXPO";KG;Bruto;1,7;16;9,955254784;Stretch;15;10
30.20.10.75.0032;"STRETCH FIL. 3""500X12 MAQ ATX 16KG EXPO";KG;Bruto;1,7;16;9,978460035;Stretch;15;10
30.20.10.75.0015;"STRETCH FIL. 3""500X13 MAQ LC3 17KG EXPO";KG;Bruto;1,7;17;9,886834733;Stretch;15;10
30.20.10.75.0027;"STRETCH FIL. 3""500X15 MAQ ATX 16KG EXPO";KG;Bruto;1,7;16;9,93666558;Stretch;15;10
30.20.10.75.0033;"STRETCH FIL. 3""500X17 MAQ AT 16KG EXPO";KG;Bruto;1,7;16;9,614166815;Stretch;15;10
30.20.10.75.0018;"STRETCH FIL. 3""500X17 MAQ ATX 16KG EXPO";KG;Bruto;1,7;16;9,674102025;Stretch;15;10
30.20.10.75.0029;"STRETCH FIL. 3""500X17 MAQ LC2 16KG EXPO";KG;Bruto;1,7;16;9,554925861;Stretch;15;10
30.20.10.75.0003;"STRETCH FIL. 3""500X17 MAQ LC3 16KG EXPO";KG;Bruto;1,7;16;9,554925861;Stretch;15;10
30.20.10.75.0025;"STRETCH FIL. 3""500X19 MAQ ATX 16KG EXPO";KG;Bruto;1,7;16;9,60619085;Stretch;15;10
30.20.10.75.0043;"STRETCH FIL. 3""500X20 MAQ ATX 16KG EXPO";KG;Bruto;1,7;16;9,60619085;Stretch;15;10
30.20.10.75.0030;"STRETCH FIL. 3""500X20 MAQ AT 18KG EXPO";KG;Bruto;1,7;18;9,635536603;Stretch;15;10
30.20.10.58.0012;"STRETCH FIL. 3""500X21 MAN LEV LC3 5KG EXPO - TB 0,5";KG;Bruto;0,5;5;9,682018489;Stretch;15;10
30.20.10.58.0011;"STRETCH FIL. 3""500X23 MAN LEV LC3 4KG EXPO - TB 0,5";KG;Bruto;0,5;4;9,461881941;Stretch;15;10
30.20.10.58.0016;"STRETCH FIL. 3""500X23 MAN LEV LC3 4,5KG EXPO - TB 0,5";KG;Bruto;0,5;4,5;9,564687001;Stretch;15;10
30.20.10.58.0017;"STRETCH FIL. 3""500X20 MAN LEV LC3 4,5KG EXPO - TB 0,5";KG;Bruto;0,5;4,5;9,599774441;Stretch;15;10
30.20.10.58.0007;"STRETCH FIL. 3""500X23 MAN LEV LC3 5KG EXPO - TB 0,5";KG;Bruto;0,5;5;9,646931049;Stretch;15;10
30.20.10.58.0010;"STRETCH FIL. 3""500X23 MAN LEV LC3 5KG EXPO - TB 0,8";KG;Bruto;0,8;5;9,20281319;Stretch;15;10
30.20.10.75.0035;"STRETCH FIL. 3""500X23 MAQ AT 16KG EXPO";KG;Bruto;1,7;16;9,5111682;Stretch;15;10
30.20.10.75.0012;"STRETCH FIL. 3""500X23 MAQ ATX 16KG EXPO";KG;Bruto;1,7;16;9,571103409;Stretch;15;10
30.20.10.75.0041;"STRETCH FIL. 3""500X19 MAQ ATX 17,57KG EXPO LIQ";KG;Liq;1,7;17,57;9,643540889;Stretch;15;10
30.20.10.75.0042;"STRETCH FIL. 3""500X30 MAQ ATX 17,57KG EXPO LIQ";KG;Liq;1,7;17,57;9,643540889;Stretch;15;10
30.20.10.75.0037;"STRETCH FIL. 3""500X23 MAQ LC2 17,57KG EXPO";KG;Bruto;1,7;17,57;9,523098735;Stretch;15;10
30.20.10.75.0005;"STRETCH FIL. 3""500X23 MAQ LC2 17,57KG EXPO LIQ";KG;Liq;1,7;17,57;9,523098735;Stretch;15;10
30.20.10.75.0002;"STRETCH FIL. 3""500X23 MAQ LC3 16KG EXPO";KG;Bruto;1,7;16;9,451927245;Stretch;15;10
30.20.10.75.0019;"STRETCH FIL. 3""500X25 MAQ AT 18KG EXPO";KG;Bruto;1,7;18;9,600449162;Stretch;15;10
30.20.10.75.0036;"STRETCH FIL. 3""500X30 MAQ ATX 16KG EXPO";KG;Bruto;1,7;16;9,571103409;Stretch;15;10
30.20.10.75.0022;"STRETCH FIL. 3""500X30 MAQ LC2 16KG EXPO";KG;Bruto;1,7;16;9,451927245;Stretch;15;10
30.20.10.14.0116;STRETCH FIL. 3''470X09 MANUPREST SLIM (2,5KG) EXPO;KG;Bruto;0,6;2,5;8,944675778;Stretch;15;10
30.20.10.56.0016;"STRETCH FIL.3""500X19 MAN ESPECIAL LC3 5KG EXPO";KG;Bruto;1,57;5;8,114169126;Stretch;15;10
30.20.10.90.0019;"STRETCH FILME 3""500X23 LC2 4600M EXPO";KG;Bruto;1,7;50;9,921803674;Stretch;15;10
30.20.10.90.0014;"STRETCH FILME 3""500X28 LC3 3750M EXPO LIQ";KG;Liq;1,7;50;9,987100246;Stretch;15;10
30.20.10.90.0017;"STRETCH FILME 3""510X21 ATX PLUS 5000M EXPO LIQ";KG;Liq;1,7;50;10,21895393;Stretch;15;10
30.20.10.90.0010;"STRETCH FILME 3""510X23 ATX PLUS 4570M EXPO LIQ";KG;Liq;1,7;50;10,18386649;Stretch;15;10
30.20.10.90.0018;"STRETCH FILME 3""510X27 ATX PLUS 3890M EXPO LIQ";KG;Liq;1,7;50;10,18386649;Stretch;15;10
30.20.10.31.0014;"STRETCH FIL. 3""500X15 MAQ ATX/14 LÍQUIDO TG";KG;Liq;1,1;15,1;10,19751733;Stretch;15;10
30.20.10.52.0021;"STRETCH FIL. 3""250X23 CORTADO (MAN) LC3 LIQUIDO";KG;Liq;0,6;2,25;8,485808847;Stretch;15;10
30.20.10.66.0004;"STRETCH FIL. 3""1000X30 MAQ ATX PLUS/28 LIQUIDO";KG;Liq;3,14;28;9,60361751;Stretch;15;10
30.20.10.25.0058;"STRETCH FIL. 3""150X23 CORTADO MAQ (3,0 KG) LÍQUIDO";KG;Liq;0,36;3;9,581344183;Stretch;15;10
30.20.10.25.0055;"STRETCH FIL. 3""125X23 CORTADO MAQ (3,0 KG) LÍQUIDO";KG;Liq;0,3;3;9,730735365;Stretch;15;10
30.20.10.56.0019;"STRETCH FIL.3""500X19 MAN ESPECIAL LC3 5,6KG EXPO LIQ";KG;Liq;1,57;5,6;8,361459747;Stretch;15;10
30.20.10.14.0118;"STRETCH FIL. 3""450X15 MANUSTIF PLUS LEV (2,5KG)";KG;Bruto;0,6;2,5;9,001813967;Stretch;15;10
30.20.10.16.0070;"STRETCH FIL. 3""500X23 MAN ESPECIAL VERMELHO";KG;Bruto;1,57;4,5;8,214241615;Stretch;15;10
30.20.10.25.0054;"STRETCH FIL. 3""100X17 CORTADO MAQ (2,5 KG) LIQ";KG;Liq;0,24;2,5;9,863612217;Stretch;15;10
30.20.10.25.0063;"STRETCH FIL. 3""150X40 CORTADO MAQ (3,3 KG)";KG;Bruto;0,36;3,3;9,662830282;Stretch;15;10
30.20.10.31.0013;"STRETCH FIL. 3""500X13 MAQ ATX/14 LÍQUIDO TG";KG;Liq;1,1;15,1;10,22001053;Stretch;15;10
30.20.10.45.0004;"STRETCH FIL. 3""750X30 MAQ ATX/21,3 LIQUIDO";KG;Liq;2,4;21,3;9,418842672;Stretch;15;10
30.20.10.52.0024;"STRETCH FIL. 3""250X23 CORTADO (MAN) LC3 - VERMELHO";KG;Bruto;0,6;2,25;8,877301181;Stretch;15;10
30.20.10.57.0011;"STRETCH FIL. 3""500X17 MAN GOLD/5 LC3";KG;Bruto;1,1;5;8,914417887;Stretch;15;10
30.20.10.66.0005;"STRETCH FIL. 3""1000X17 MAQ LC3/28";KG;Bruto;3,14;28;9,525766934;Stretch;15;10
30.20.10.66.0006;"STRETCH FIL. 3""1000X30 MAQ LC3/28";KG;Bruto;3,14;28;9,422768319;Stretch;15;10
30.20.10.67.0007;"STRETCH FIL. 3""500X23 MAN ESPECIAL NOVO BRANCO";KG;Bruto;1,57;4;7,543134075;Stretch;15;10
30.20.10.74.0010;"STRETCH FIL. 3""500X15 MAQ ATX/14 LÍQUIDO PLUS TG";KG;Liq;1,1;15,1;10,26274046;Stretch;15;10
30.20.10.74.0015;"STRETCH FIL. 3""500X25 MAQ ATX/14 LÍQUIDO PLUS TG";KG;Liq;1,1;15,1;9,897178291;Stretch;15;10
30.20.10.79.0007;"STRETCH FIL. 3""500X23 MAN LEV LIQUIDO NOVO BRANCO";KG;Liq;0,5;4,9;9,692522367;Stretch;15;10
30.20.10.79.0008;"STRETCH FIL. 3""500X23 MAN LEV LIQUIDO NOVO VERMELHO";KG;Liq;0,5;4,9;10,17190074;Stretch;15;10
30.20.10.80.0001;"STRETCH FIL. 3""500X23 MAQ LC3/10 NOVO AZUL";KG;Bruto;1,57;10;9,542548569;Stretch;15;10
30.20.10.82.0005;"STRETCH FIL. 3""500X19 MAQ AT/14 LÍQUIDO TG";KG;Liq;1,1;15,1;9,804867417;Stretch;15;10
30.20.10.82.0007;"STRETCH FIL. 3""500X30 MAQ AT/14 LÍQUIDO TG";KG;Liq;1,1;15,1;9,769779976;Stretch;15;10
30.20.10.58.0020;"STRETCH FIL. 3""500X19 MAN LEV LC3 4KG EXPO LIQ - TB 0,5";KG;Liq;0,5;4;9,496969381;Stretch;15;10
30.20.10.50.0001;"STRETCH FIL 3"" 500X19 MAN CORELESS LC3";KG;Bruto;0;3,5;10,6447492;Stretch;15;10
30.20.10.58.0019;"STRETCH FIL. 3""500X21 MAN LEV LC3 5KG EXPO - TB 0,8";KG;Bruto;0,8;5;9,237900631;Stretch;15;10
30.20.10.14.0109;"STRETCH FIL. 3""430X10 MANUPREST SLIM  (2,5KG) EXPO";KG;Bruto;0,6;2,5;8,944675778;Stretch;15;10
30.20.10.14.0120;"STRETCH FIL. 3""430X10 MANUPREST SLIM  (2,8KG) EXPO";KG;Bruto;0,6;1,8;8,235371843;Stretch;15;10
60.14.01.03.0004;"STRETCH FIL. 3""500X23 MAN ESP 3,5 KG LC3 - MANAUS";KG;Bruto;1,57;3,5;6,913377117;Stretch;15;10
60.14.01.03.0005;"STRETCH FIL. 3""500X30 MAN LEV LIQUIDO LC3 - MANAUS";KG;Liq;0,5;4,9;9,342870249;Stretch;15;10
60.14.01.03.0006;"STRETCH FIL. 3""500X23 MAN LEV LIQUIDO LC3 - MANAUS";KG;Liq;0,5;4,9;9,342870249;Stretch;15;10
60.14.01.03.0008;"STRETCH FIL. 3""500X23 MAN ESP 4,0 KG LC3 - MANAUS";KG;Bruto;1,57;4;7,316840053;Stretch;15;10
30.20.10.84.0002;"STRETCH FIL. 3""500X25 MAN ESPECIALISSIMO LC2 C/ UV";KG;Bruto;1,57;4;7,502070237;Stretch;15;10
60.14.01.03.0011;"STRETCH FIL. 3""500X23 MAQ LC3/14 LIQUIDO VERMELHO AEROPORTO - MANAUS";KG;Liq;1,1;15,1;9,897189567;Stretch;15;10
60.14.01.07.0001;"STRETCH FIL. 3""430X10 MANUPREST SLIM (3KG) LIQUIDO - MANAUS";KG;Liq;0,6;3;8,971203283;Stretch;15;10
30.20.10.16.1000;"STRETCH FIL. 3""500X23 MAN GOLD VERMELHO";KG;Bruto;1,1;5;9,227824755;Stretch;15;10
60.14.01.03.0014;JUMBO 23 LC3(150) BRANCO STRETCH FILME - MANAUS;KG;Bruto;1,7;50;10,18771835;Stretch;500;10
60.14.01.03.0015;"STRETCH FIL. 3""500X23 MAN LEV LIQUIDO LC3 (2,5KG) - MANAUS";KG;Liq;0,5;2,5;8,639532579;Stretch;15;10
30.20.10.91.0010;"STRETCH FIL. 3""500X25 MAQ LC3 17,57KG B";KG;Bruto;1,57;17,57;9,590528848;Stretch;15;10
60.14.01.07.0002;"STRETCH FIL. 3""430X10 MANUPREST SLIM  (2,5KG) - MANAUS";KG;Bruto;0,6;2,5;8,676335504;Stretch;15;10
60.14.01.03.0010;"STRETCH FIL. 3""500X30 MAN ESP 4,0 KG LC3 - MANAUS";KG;Bruto;1,57;4;7,316840053;Stretch;15;10
60.14.01.03.0007;"STRETCH FIL. 3""600X23 MAQ LC3 VERMELHO AEROPORTO LIQUIDO - MANAUS";KG;Liq;1,884;14;9,428061591;Stretch;15;10
60.14.01.03.0016;JUMBO 23 LC3(150) BRANCO STRETCH FILME LIQ - MANAUS;KG;Liq;1,7;50;10,18771835;Stretch;500;10
30.20.10.58.0021;"STRETCH FIL. 3"" 410X08 PREESTIRADO CORELESS 1,8KG EXPO";KG;Bruto;0;1,8;10,76860018;Stretch;30;10
30.20.10.58.0021;"STRETCH FIL. 3"" 450X08 PREESTIRADO CORELESS 2 KG EXPO";KG;Bruto;0;2;10,76860018;Stretch;30;10
60.14.01.03.0012;"STRETCH FIL. 3""500X30 MAN ESP 3,5 KG LC3 - MANAUS";KG;Bruto;1,57;3,5;6,913377117;Stretch;15;10
60.14.01.03.0017;"STRETCH FIL. 3""500X23 MAN CORELESS - MANAUS";KG;Bruto;0;3,5;10,2913719;Stretch;15;10
30.20.10.58.0022;"STRETCH FIL. 3""500X17 MAN LEV LC3 5KG EXPO - TB 0,8";KG;Bruto;0,8;5;9,305811806;Stretch;15;10
60.14.01.07.0003;"STRETCH FIL. 3""450X10 MANUPREST SLIM (3KG) LIQUIDO - MANAUS";KG;Liq;0,6;3;8,971203283;Stretch;15;10
60.14.01.03.0022;"STRETCH FIL. 3""500X23 MAN LEV NOVO - MANAUS";KG;Bruto;0,5;4,9;9,342870249;Stretch;15;10
30.20.10.83.0006;"STRETCH FIL. 3""500X17 MAQ LC3/14 B";KG;Bruto;1,57;14;9,525766934;Stretch;15;10
60.14.01.03.0018;"STRETCH FIL. 3""500X19 MAN CORELESS - MANAUS";KG;Bruto;0;3,5;10,32540672;Stretch;15;10
60.14.01.03.0019;"STRETCH FIL. 3""500X30 MAN CORELESS - MANAUS";KG;Bruto;0;3,5;10,2913719;Stretch;15;10
60.14.01.03.0025;"STRETCH FIL. 3""500X23 MAN CORELESS (3,0KG) - MANAUS";KG;Bruto;0;3;10,2913719;Stretch;15;10
60.14.01.03.0024;"STRETCH FIL. 3""500X19 MAN LEV LIQUIDO LC3 - MANAUS";KG;Liq;0,5;4,9;9,376905067;Stretch;15;10
60.14.01.03.0023;"STRETCH FIL. 3""500X23 MAN GOLD LC3 - MANAUS";KG;Bruto;1,1;5;8,547076694;Stretch;15;10
30.20.10.91.0011;"STRETCH FIL. 3""500X25 MAQ LC3/10 ESPECIALISSIMO";KG;Bruto;1,7;10;8,594068627;Stretch;15;10
60.14.01.05.0011;"STRETCH FIL. 3""500X23 MAQ ATX/14 LIQUIDO TG - MANAUS";KG;Liq;1,1;15,1;9,536996503;Stretch;15;10
60.14.01.07.0004;"STRETCH FIL. 3""430X10 MANUPREST SLIM  (2,5KG) LIQ - MANAUS";KG;Liq;0,6;2,5;8,676335504;Stretch;15;10
30.20.10.74.0016;"STRETCH FIL. 3""500X19 MAQ ATX/14 B PLUS TG";KG;Bruto;1,57;14;9,576246146;Stretch;15;10
60.14.01.03.0020;"STRETCH FIL. 3""500X23 MAQ LC3/14 LÍQUIDO TG - MANAUS";KG;Liq;1,1;15,1;9,417075246;Stretch;15;10
30.20.10.58.or01;"STRETCH FIL. 3""500X23 MAN LEV LC3 4,8KG EXPO - TB 0,5";KG;Bruto;0,5;4,8;9,616089531;Stretch;15;10
30.20.10.75.OR01;"STRETCH FIL. 3"" 500X23 MAQ LC3 16KG EXPO";KG;Bruto;1,57;16;9,525973938;Stretch;15;10
30.20.10.74.0017;"STRETCH FIL. 3""500X13 MAQ ATX/5 LÍQUIDO PLUS TG M DIAS";KG;Liq;1,57;5;8,216925672;Stretch;15;10
30.20.10.55.COT01;"STRETCH FIL. 3""500X23 MAN LEV LIQUIDO LC3 3,5 KG";KG;Liq;0,5;3,5;9,387642403;Stretch;15;10
60.14.01.03.0021;"STRETCH FIL. 3""500X30 MAQ LC3/14 LÍQUIDO TG - MANAUS";KG;Liq;1,1;15,1;9,417075246;Stretch;15;10
60.14.01.07.0005;"STRETCH FIL. 3""450X10 MANUPREST SLIM (2,5KG) LIQUIDO - MANAUS";KG;Liq;0,6;2,5;8,676335504;Stretch;15;10
30.20.10.50.0005;"STRETCH FIL 3"" 500X23 MAN CORELESS LC3 (5KG) - EXPO";KG;Bruto;0;5;10,60966176;Stretch;15;10
30.20.10.67.0008;"STRETCH FIL. 3""500X23 MAN ESPECIAL NOVO - BOB";KG;Bruto;1,57;4;7,543134075;Stretch;15;10
60.13.01.01.0018;FITA PP AA 40 TR 045X100 - PERSONALIZADA;100;45;4,5;;2,675208465;Fita PP revenda;40;10
60.13.01.01.0019;FITA PP AA 40 TR 045X100 - M;100;45;4,5;;2,675208465;Fita PP revenda;40;10
30.10.10.12.0032;FITA PP AA 40 TR 036X1200 - M;1200;36;43,2;;27,34529356;Fita PP;33;10
30.10.10.13.0077;FITA PP AR9 45 AM 144X1200 - M;1200;144;172,8;;132,0012118;Fita PP;33;10
30.10.10.13.0091;FITA PP AR9 45 AM 048X1000 - M;1000;48;48;;36,73954656;Fita PP;33;10
30.10.10.13.0093;FITA PP AR9 45 AM 036X1200 - M;1200;36;43,2;;34,39269964;Fita PP;33;10
30.10.10.15.0100;FITA PP AR9 45 BR 048X050 - PERSONALIZADA;50;48;2,4;;1,950890296;Fita PP;33;10
30.10.10.15.0112;FITA PP AR9 45 BR 036X1200 - PERSONALIZADA;1200;36;43,2;;34,39269964;Fita PP;33;10
30.10.10.18.0164;FITA PP AR9 45 TR 072X080 - M;80;72;5,76;;4,343185132;Fita PP;33;10
30.10.10.18.0200;FITA PP AR9 45 TR 048X300 - M;300;48;14,4;;10,14404581;Fita PP;33;10
30.10.10.18.0273;FITA PP AR9 45 TR 072X1200 - PERSONALIZADA;1200;72;86,4;;62,95733912;Fita PP;33;10
30.10.10.18.0278;FITA PP AR9 45 TR 048X040 - M;40;48;1,92;;1,455425889;Fita PP;33;10
30.10.10.19.0201;FITA PP AR9 45 VD 048X1200 - M;1200;48;57,6;;44,00040393;Fita PP;33;10
30.10.10.19.0206;FITA PP AR9 45 VD 048X050 - PERSONALIZADA;50;48;2,4;;1,950890296;Fita PP;33;10
30.10.10.19.0209;FITA PP AR9 45 VD 072X100 - M;100;72;7,2;;5,867264304;Fita PP;33;10
30.10.20.13.0269;FITA PP AS 50 TR 048X1500 - M;1500;48;72;;79,52238623;Fita PP;33;10
30.10.30.12.0017;FITA PP HM 40 HA 048X1200 - M;1200;48;57,6;;46,48881609;Fita PP;33;10
30.10.30.12.0024;FITA PP HM 40 HA 048X100 - PERSONALIZADA;100;48;4,8;;3,992213381;Fita PP;33;10
30.10.30.12.0126;FITA PP HM 40 HA 018X090 - M;90;18;1,62;;1,39485994;Fita PP;33;10
30.10.30.13.0133;FITA PP HM 40 TR 024X200 - M;200;24;4,8;;4,060049847;Fita PP;33;10
30.10.30.13.0144;FITA PP HM 40 TR 072X1000 - M;1000;72;72;;60,54049619;Fita PP;33;10
30.10.30.13.0150;FITA PP HM 40 TR 288X1200 - M;1200;288;345,6;;278,9328965;Fita PP;33;10
30.10.30.13.0151;FITA PP HM 40 TR 048X080 - M;80;48;3,84;;3,218835927;Fita PP;33;10
30.10.30.13.0152;FITA PP HM 40 TR 048X040 - M;40;48;1,92;;1,667885409;Fita PP;33;10
30.10.30.18.0002;FITA PP HM 45 VM 072X100 - M;100;72;7,2;;7,361419824;Fita PP;33;10
30.10.40.10.0092;FITA IMP AR9 45 CFT 096X050 - M;50;96;4,8;;5,103311666;Fita IMP;33;10
30.10.40.10.0109;FITA IMP AR9 45 CFLJ 024X100 - M;100;24;2,4;;2,685100573;Fita IMP;33;10
30.10.40.10.0111;FITA IMP AA 40 CFHA 048X100 - PERSONALIZADA;100;48;4,8;;4,586112025;Fita IMP;33;10
30.10.40.10.0113;FITA IMP AR9 45 CFT 072X1200 - PERSONALIZADA;1200;72;86,4;;89,21378808;Fita IMP;33;10
30.10.40.10.0114;FITA IMP AR9 45 CFLJ 144X100 - M;100;144;14,4;;16,10747144;Fita IMP;33;10
30.10.40.10.0140;FITA IMP AR9 45 CFAM 024X075 - PERSONALIZADA;75;24;1,8;;2,029621693;Fita IMP;33;10
30.10.40.10.0142;FITA IMP AR9 45 CFLJ 072X100 - PERSONALIZADA;100;72;7,2;;8,055301718;Fita IMP;33;10
30.10.40.10.0146;FITA IMP AR9 45 CFB 072X050 - PERSONALIZADA;50;72;3,6;;4,116135027;Fita IMP;33;10
30.10.40.10.0148;FITA IMP AR9 45 CFAM 024X075 - M;75;24;1,8;;2,029621693;Fita IMP;33;10
30.10.40.10.0153;FITA IMP AA 40 CFT 048X090 - M;90;48;4,32;;4,140033434;Fita IMP;33;10
30.10.40.10.0154;FITA IMP AR9 45 CFT 048X1200 - PERSONALIZADA;1200;48;57,6;;59,47585872;Fita IMP;33;10
30.10.40.10.0157;FITA IMP AR9 45 CFAZ 048X100 - PERSONALIZADA;100;48;4,8;;5,369157145;Fita IMP;33;10
30.10.40.10.0158;FITA IMP AA 40 CFT 048X100 - PERSONALIZADA;100;48;4,8;;4,586112025;Fita IMP;33;10
30.10.40.10.0162;FITA IMP AR9 45 CFT 048X090 - M;90;48;4,32;;4,553371034;Fita IMP;33;10
30.10.40.10.0164;FITA IMP AR9 45 CFB 048X040 - M;40;48;1,92;;2,218662914;Fita IMP;33;10
30.10.40.12.0151;FITA IMP AS 50 TR 036X1200 - M;1200;36;43,2;;56,59368069;Fita IMP;33;10
30.10.40.12.0152;FITA IMP AS 50 TR 096X1200 - M;1200;96;115,2;;150,698852;Fita IMP;33;10
30.10.40.17.0187;FITA IMP HM 45 CFT 072X100 - PERSONALIZADA;100;72;7,2;;8,927953238;Fita IMP;33;10
30.10.40.17.0188;FITA IMP HM 40 CFT 024X100 - M;100;24;2,4;;2,788784413;Fita IMP;33;10
30.10.40.20.0204;FITA IMP HM 40 TR 036X100 - M;100;36;3,6;;3,707704854;Fita IMP;33;10
30.10.40.25.0009;FITA IMP AR9 45 TR  036X300 - M;300;36;10,8;;9,7462871;Fita IMP;33;10
30.10.40.25.0034;FITA IMP AR9 45 TR  048X150 - M;150;48;7,2;;6,554457454;Fita IMP;33;10
30.10.40.25.0046;FITA IMP AA 40 TR 048X1200 - PERSONALIZADA;1200;48;57,6;;46,35714249;Fita IMP;33;10
60.13.01.01.0009;FITA PP AA 40 TR 048X080 MANAUS;80;48;3,84;;2,426505687;Fita PP revenda;40;10
60.13.01.01.0011;FITA PP AA 40 TR 048X1000 MANAUS;1000;48;48;;28,90909536;Fita PP revenda;40;10
60.13.01.01.0013;FITA PP AA 40 TR 048X1500 MANAUS;1500;48;72;;43,14601318;Fita PP revenda;40;10
60.13.01.01.0014;FITA PP AA 40 TR 048X040 MANAUS;40;48;1,92;;1,271720289;Fita PP revenda;40;10
60.13.01.02.0001;FITA PP AR9 45 TR 048X1500 MANAUS;1500;48;72;;50,03497318;Fita PP revenda;40;10
60.13.01.02.0003;FITA PP AR9 45 TR 048X1000 MANAUS;1000;48;48;;33,50173536;Fita PP revenda;40;10
60.13.01.02.0005;FITA PP AR9 45 TR 048X090 MANAUS;90;48;4,32;;3,127490734;Fita PP revenda;40;10
60.13.01.02.0006;FITA PP AR9 45 TR 048X080 MANAUS;80;48;3,84;;2,793916887;Fita PP revenda;40;10
60.13.01.03.0004;FITA PP AA 40 HA 048X045 MANAUS;45;48;2,16;;1,415544012;Fita PP revenda;40;10
60.13.01.03.0005;FITA PP AA 40 HA 048X090 MANAUS;90;48;4,32;;2,714153134;Fita PP revenda;40;10
60.13.01.04.0001;FITA PP AR9 45 HA 048X100 MANAUS;100;48;4,8;;3,784845701;Fita PP revenda;40;10
60.13.01.04.0002;FITA PP AR9 45 HA 048X090 MANAUS;90;48;4,32;;3,418893742;Fita PP revenda;40;10
60.13.02.01.0001;FITA PP HM 40 TR 048X050 MANAUS;50;48;2,4;;2,054574136;Fita PP revenda;40;10
60.13.02.01.0008;FITA PP HM 40 TR 048X045 MANAUS;45;48;2,16;;1,861229772;Fita PP revenda;40;10
60.13.02.02.0001;FITA PP HM 45 TR 048X100 MANAUS;100;48;4,8;;4,366613381;Fita PP revenda;40;10
60.13.02.02.0002;FITA PP HM 45 TR 048X1200 MANAUS;1200;48;57,6;;50,98161609;Fita PP revenda;40;10
60.13.02.02.0003;FITA PP HM 45 TR 048X050 MANAUS;50;48;2,4;;2,241774136;Fita PP revenda;40;10
60.13.02.02.0006;FITA PP HM 45 TR 144X1200 MANAUS;1200;144;172,8;;152,9448483;Fita PP revenda;40;10
60.13.03.01.0002;FITA PP AS 50 TR 048X050 MANAUS;50;48;2,4;;2,771913504;Fita PP revenda;40;10
60.13.03.01.0003;FITA PP AS 50 TR 144X1000 MANAUS;1000;144;144;;159,4800322;Fita PP revenda;40;10
30.10.10.11.1005;FITA PP AA 40 HA 048X090 - PERSONALIZADA;90;48;4,32;;2,714153134;Fita PP;33;10
30.10.10.11.1007;FITA PP AA 40 HA 048X090 - M;90;48;4,32;;2,714153134;Fita PP;33;10
30.10.10.11.1009;FITA PP AA 40 HA 048X045 - PERSONALIZADA;45;48;2,16;;1,415544012;Fita PP;33;10
30.10.10.11.1010;FITA PP AA 40 HA 048X050 - PERSONALIZADA;50;48;2,4;;1,559367736;Fita PP;33;10
30.10.10.11.1011;FITA PP AA 40 HA 048X080 - PERSONALIZADA;80;48;3,84;;2,426505687;Fita PP;33;10
30.10.10.11.1012;FITA PP AA 40 HA 048X100 - PERSONALIZADA;100;48;4,8;;3,001800581;Fita PP;33;10
30.10.10.11.1013;FITA PP AA 40 HA 048X085 - PERSONALIZADA;85;48;4,08;;2,570329411;Fita PP;33;10
30.10.10.11.1014;FITA PP AA 40 HA 144X1200 - M;1200;144;172,8;;103,8115875;Fita PP;33;10
30.10.10.12.1004;FITA PP AA 40 TR 048X080 - PERSONALIZADA;80;48;3,84;;2,426505687;Fita PP;33;10
30.10.10.12.1007;FITA PP AA 40 TR 048X1000 - M;1000;48;48;;28,90909536;Fita PP;33;10
30.10.10.12.1012;FITA PP AA 40 TR 048X080 - M;80;48;3,84;;2,426505687;Fita PP;33;10
30.10.10.16.1004;FITA PP AR9 45 HA 048X090 - M;90;48;4,32;;3,418893742;Fita PP;33;10
30.10.10.16.1005;FITA PP AR9 45 HA 048X100 - PERSONALIZADA;100;48;4,8;;3,784845701;Fita PP;33;10
30.10.10.18.1001;FITA PP AR9 45 TR 048X045 - M;45;48;2,16;;1,622212812;Fita PP;33;10
30.10.10.18.1003;FITA PP AR9 45 TR 048X080 - M;80;48;3,84;;2,793916887;Fita PP;33;10
30.10.10.18.1004;FITA PP AR9 45 TR 048X090 - M;90;48;4,32;;3,127490734;Fita PP;33;10
30.10.10.18.1009;FITA PP AR9 45 TR 048X050 - PERSONALIZADA;50;48;2,4;;1,788999736;Fita PP;33;10
30.10.10.18.1010;FITA PP AR9 45 TR 048X080 - PERSONALIZADA;80;48;3,84;;2,793916887;Fita PP;33;10
30.10.10.18.1011;FITA PP AR9 45 TR 048X090 - PERSONALIZADA;90;48;4,32;;3,127490734;Fita PP;33;10
30.10.10.18.1014;FITA PP AR9 45 TR 048X1200 - PERSONALIZADA;1200;48;57,6;;40,11503049;Fita PP;33;10
30.10.10.18.1016;FITA PP AR9 45 TR 048X1100 - PERSONALIZADA;1100;48;52,8;;36,80838292;Fita PP;33;10
30.10.20.13.1002;FITA PP AS 50 TR 048X1000 - M;1000;48;48;;53,16001072;Fita PP;33;10
30.10.30.13.1001;FITA PP HM 40 TR 048X045 - M;45;48;2,16;;1,861229772;Fita PP;33;10
30.10.30.13.1003;FITA PP HM 40 TR 048X090 - M;90;48;4,32;;3,605524654;Fita PP;33;10
30.10.30.13.1006;FITA PP HM 40 TR 144X1200 - M;1200;144;172,8;;139,4664483;Fita PP;33;10
30.10.30.13.1008;FITA PP HM 40 TR 048X050 - PERSONALIZADA;50;48;2,4;;2,054574136;Fita PP;33;10
30.10.30.13.1009;FITA PP HM 40 TR 048X090 - PERSONALIZADA;90;48;4,32;;3,605524654;Fita PP;33;10
30.10.30.13.1010;FITA PP HM 40 TR 048X100 - PERSONALIZADA;100;48;4,8;;3,992213381;Fita PP;33;10
30.10.30.13.1011;FITA PP HM 40 TR 048X1200 - PERSONALIZADA;1200;48;57,6;;46,48881609;Fita PP;33;10
30.10.30.16.1001;FITA PP HM 45 TR 048X050 - M;50;48;2,4;;2,241774136;Fita PP;33;10
30.10.20.13.0299;FITA PP AS 50 TR 018X200 - M;200;18;3,6;;4,125404122;Fita PP;33;10
30.10.10.11.0056;FITA PP AA 40 HA 072X080 - M;80;72;5,76;;3,792068332;Fita PP;33;10
30.20.10.29.0016;"STRETCH FIL. 3""500X25 MAQ LC3/14 LÍQUIDO TG CPN";KG;Liq;1,1;15,1;9,708324996;Stretch;8;10
30.20.10.67.0009;"STRETCH FIL. 3""500X25 MAN ESPECIAL NOVO CPN";KG;Bruto;1,57;4;7,543134075;Stretch;8;10
30.20.10.69.0010;"STRETCH FIL. 3""""500X25 MAN LEV LIQUIDO LC3 (4,0KG) CPN";KG;Liq;0,5;4;9,521027387;Stretch;8;10
30.20.10.70.0012;"STRETCH FIL. 3""500X25 MAQ LC3/10 NOVO CPN";KG;Bruto;1,57;10;9,092510336;Stretch;8;10
30.20.10.50.0010;"STRETCH FIL 3"" 500X25 MAN CORELESS LC3 CPN";KG;Bruto;0;3,5;10,60966176;Stretch;10;10
60.15.05.20.0018;"STRETCH FIL. 3""500X25 MAQ LC3/10 NOVO - MANAUS";KG;Bruto;1,57;10;8,819735026;Stretch;15;10
60.15.05.20.0017;"STRETCH FIL. 3""500X23 MAN LEV LIQUIDO NOVO (4,0) - MANAUS";KG;Liq;0,5;4;9,178025483;Stretch;15;10
30.20.10.62.0004;"STRETCH FIL. 3""1500X40 MAQ LC3/34 UV";KG;Bruto;4,71;34;9,688397733;Stretch;15;10
30.10.40.10.0169;FITA IMP AA 40 CFT 072X100 - M;100;72;7,2;;5,929790509;Fita IMP;33;10
30.10.40.10.0171;FITA IMP AA 40 CFT 036X100 - M;100;36;3,6;;2,964895254;Fita IMP;33;10
30.10.40.10.0080;FITA IMP AR9 45 CFAM 018X100 - M;100;18;1,8;;1,997891722;Fita IMP;33;10
30.10.40.10.0170;FITA IMP AR9 45 CFVM 018X100;100;18;1,8;;1,996980264;Fita IMP;33;10
30.10.40.10.0172;FITA IMP AR9 45 CFVM 072X1200 - M;1200;72;86,4;;95,04184824;Fita IMP;33;10
30.10.20.13.0274;FITA PP AS 50 TR 072X050 - M;50;72;3,6;;4,1281819;Fita PP;33;10
30.20.10.84.04kg;"STRETCH FIL. 3""500X25 MAN ESPECIALISSIMO LC2 4KG";KG;Bruto;1,7;4;6,256355147;Stretch;8;10
